kind,similarity,question_id_a,bridge_a,question_id_b,bridge_b,question_text,question_text_b
exact,1,Q_PLACE_001_021_v2,EMPLOYABILITY,Q_INTERVIEW_001_021_v2,EMPLOYABILITY,How ready are you to actively work on improving your interview confidence?,
exact,1,Q_WORK_001_001,WORKPLACE_ADAPTATION,Q_WORK_001_001_v2,WORKPLACE_ADAPTATION,How confident are you in applying what you learn in college to real workplace situations?,
exact,1,Q_OUTCOME_001_014,MOTIVATION_VALUES,Q_FAILURE_001_014,EMOTIONAL_RECOVERY,How likely are you to emotionally withdraw from others after experiencing failure?,
exact,1,Q_OUTCOME_001_022,MOTIVATION_VALUES,Q_FAILURE_001_022,EMOTIONAL_RECOVERY,"If emotional resilience guidance was available, how willing would you be to apply it consistently?",
exact,1,Q_OUTCOME_001_022,MOTIVATION_VALUES,Q_HOPE_001_022,MOTIVATION_VALUES,"If emotional resilience guidance was available, how willing would you be to apply it consistently?",
exact,1,Q_MULTIATTEMPT_001_001,STRATEGIC_PREPARATION,Q_MULTIATTEMPT_001_001_v2,STRATEGIC_PREPARATION,"During repeated exam attempts, how emotionally stable do you usually feel about your journey?",
exact,1,Q_MULTIATTEMPT_001_002,STRATEGIC_PREPARATION,Q_MULTIATTEMPT_001_002_v2,STRATEGIC_PREPARATION,"How often do repeated attempts increase your stress, fear, or emotional exhaustion?",
exact,1,Q_MULTIATTEMPT_001_003,STRATEGIC_PREPARATION,Q_MULTIATTEMPT_001_003_v2,STRATEGIC_PREPARATION,"Compared to others around you, how well do you think you emotionally handle preparing through multiple attempts?",
exact,1,Q_MULTIATTEMPT_001_004,STRATEGIC_PREPARATION,Q_MULTIATTEMPT_001_004_v2,STRATEGIC_PREPARATION,Do repeated attempts sometimes make you feel emotionally discouraged or left behind in life?,
exact,1,Q_MULTIATTEMPT_001_005,STRATEGIC_PREPARATION,Q_MULTIATTEMPT_001_005_v2,STRATEGIC_PREPARATION,"If you had to continue preparing for another attempt, how mentally prepared would you feel to stay emotionally balanced?",
exact,1,Q_MULTIATTEMPT_001_006,STRATEGIC_PREPARATION,Q_MULTIATTEMPT_001_006_v2,STRATEGIC_PREPARATION,How stressful does preparing through multiple attempts feel emotionally?,
exact,1,Q_MULTIATTEMPT_001_007,STRATEGIC_PREPARATION,Q_MULTIATTEMPT_001_007_v2,STRATEGIC_PREPARATION,How often do repeated attempts reduce your confidence or peace of mind?,
exact,1,Q_MULTIATTEMPT_001_008,STRATEGIC_PREPARATION,Q_MULTIATTEMPT_001_008_v2,STRATEGIC_PREPARATION,How emotionally exhausting is it for you to stay motivated across multiple attempts?,
exact,1,Q_MULTIATTEMPT_001_009,STRATEGIC_PREPARATION,Q_MULTIATTEMPT_001_009_v2,STRATEGIC_PREPARATION,How strongly do others success or faster progress affect your emotional state during repeated attempts?,
exact,1,Q_MULTIATTEMPT_001_010,STRATEGIC_PREPARATION,Q_MULTIATTEMPT_001_010_v2,STRATEGIC_PREPARATION,"Compared to earlier attempts, how much more emotionally pressured do you feel now?",
exact,1,Q_MULTIATTEMPT_001_011,STRATEGIC_PREPARATION,Q_MULTIATTEMPT_001_011_v2,STRATEGIC_PREPARATION,How often do emotional setbacks during repeated attempts affect your ability to stay consistent in preparation?,
exact,1,Q_MULTIATTEMPT_001_012,STRATEGIC_PREPARATION,Q_MULTIATTEMPT_001_012_v2,STRATEGIC_PREPARATION,How often do you emotionally overthink your previous failed attempts?,
exact,1,Q_MULTIATTEMPT_001_013,STRATEGIC_PREPARATION,Q_MULTIATTEMPT_001_013_v2,STRATEGIC_PREPARATION,"During difficult phases, how often do repeated attempts make you feel emotionally stuck?",
exact,1,Q_MULTIATTEMPT_001_014,STRATEGIC_PREPARATION,Q_MULTIATTEMPT_001_014_v2,STRATEGIC_PREPARATION,How likely are you to emotionally panic when thinking about continuing through another attempt?,
exact,1,Q_MULTIATTEMPT_001_015,STRATEGIC_PREPARATION,Q_MULTIATTEMPT_001_015_v2,STRATEGIC_PREPARATION,"After setbacks during repeated attempts, how often do you remain emotionally disturbed for long periods?",
exact,1,Q_MULTIATTEMPT_001_016,STRATEGIC_PREPARATION,Q_MULTIATTEMPT_001_016_v2,STRATEGIC_PREPARATION,"When emotional pressure increases during repeated attempts, how effectively can you calm yourself and continue steadily?",
exact,1,Q_MULTIATTEMPT_001_017,STRATEGIC_PREPARATION,Q_MULTIATTEMPT_001_017_v2,STRATEGIC_PREPARATION,How often do you remind yourself that repeated attempts do not define your worth or future completely?,
exact,1,Q_MULTIATTEMPT_001_018,STRATEGIC_PREPARATION,Q_MULTIATTEMPT_001_018_v2,STRATEGIC_PREPARATION,Some students emotionally disconnect from their goals after multiple attempts because they feel exhausted or hopeless. How true is this for you?,
exact,1,Q_MULTIATTEMPT_001_019,STRATEGIC_PREPARATION,Q_MULTIATTEMPT_001_019_v2,STRATEGIC_PREPARATION,"After receiving emotional support or encouragement, how emotionally stable do you usually feel during preparation?",
exact,1,Q_MULTIATTEMPT_001_020,STRATEGIC_PREPARATION,Q_MULTIATTEMPT_001_020_v2,STRATEGIC_PREPARATION,"Even if repeated attempts feel emotionally difficult now, how confident are you that you can still remain emotionally stable and continue improving?",
exact,1,Q_MULTIATTEMPT_001_021,STRATEGIC_PREPARATION,Q_MULTIATTEMPT_001_021_v2,STRATEGIC_PREPARATION,How ready are you to actively strengthen your emotional resilience during repeated exam attempts?,
exact,1,Q_MULTIATTEMPT_001_022,STRATEGIC_PREPARATION,Q_MULTIATTEMPT_001_022_v2,STRATEGIC_PREPARATION,"If proper guidance was available, how willing would you be to improve your emotional stability step by step during multiple attempts?",
exact,1,Q_MULTIATTEMPT_001_023,STRATEGIC_PREPARATION,Q_MULTIATTEMPT_001_023_v2,STRATEGIC_PREPARATION,How strongly do you believe emotional stability can improve even after repeated setbacks and attempts?,
exact,1,Q_MULTIATTEMPT_001_024,STRATEGIC_PREPARATION,Q_MULTIATTEMPT_001_024_v2,STRATEGIC_PREPARATION,"If you learned one practical strategy today to remain emotionally stable during repeated attempts, how likely are you to apply it consistently?",
exact,1,Q_MULTIATTEMPT_001_025,STRATEGIC_PREPARATION,Q_MULTIATTEMPT_001_025_v2,STRATEGIC_PREPARATION,"Even if repeated attempts feel emotionally exhausting now, how hopeful are you that you can eventually stay emotionally stable, confident, and persistent in your journey?",
exact,1,Q_REJ_001_023,EMOTIONAL_RECOVERY,Q_RES_001_023_v4,EMOTIONAL_RECOVERY,How strongly do you believe rejection is part of the learning process?,
exact,1,Q_HR_001_018_v2,CAREER_READINESS,Q_ADP_001_012,LEARNING_ADAPTABILITY,How often do you stick only to familiar skills instead of exploring new ones?,
exact,1,Q_STRESS_001_011,EXAMINATION_STRESS,Q_STRESS_001_012_v2,EXAMINATION_STRESS,How often do you take breaks to manage stress effectively?,
exact,1,Q_STRESS_001_023,EXAMINATION_STRESS,Q_STRESS_001_023_v6,EXAMINATION_STRESS,How strongly do you believe stress can be managed with practice?,
exact,1,Q_HOLISTIC_001_015_v5,HOLISTIC_DEVELOPMENT,Q_LEADWELL_001_015_v2,LEADERSHIP_OWNERSHIP,"After taking proper rest or personal time, how quickly are you able to emotionally recover and feel balanced again?",
exact,1,Q_CORP_001_022,WORKPLACE_ADAPTATION,Q_CAM_001_022,WORKPLACE_ADAPTATION,"If guidance was available, how willing would you be to learn workplace culture step by step?",
exact,1,Q_LEADERBURN_001_016,EMOTIONAL_REGULATION,Q_LEADWELL_001_016,LEADERSHIP_OWNERSHIP,"When leadership pressure becomes emotionally overwhelming, how effectively can you restore emotional balance and recover?",
exact,1,Q_LEADERBURN_001_019,EMOTIONAL_REGULATION,Q_MULTIEXP_001_019_v2,CAREER_EXPECTATIONS,"After taking meaningful rest or receiving support, how emotionally refreshed do you usually feel?",
exact,1,Q_RESPONSIBILITY_001_019,LEADERSHIP_OWNERSHIP,Q_ENTERPRISE_001_019_v2,WORKPLACE_ADAPTATION,"After meaningful rest or emotional support, how emotionally refreshed do you usually feel?",
exact,1,Q_COMP_001_017,COMPETENCY_DEVELOPMENT,Q_SELFDOUBT_001_017,CONFIDENCE_SELF,How often do you remind yourself of your own progress instead of comparing with others?,
exact,1,Q_DIG_001_012,LIFESTYLE_PRESSURE,Q_SCREEN_001_007_v2,LIFESTYLE_PRESSURE,How often do you delay studying because of social media or entertainment apps?,
exact,1,Q_PROB_001_023,THINKING_QUALITY,Q_PPS_001_023,PERSONAL_VISION,How strongly do you believe problem-solving is a skill that can be improved with practice?,
exact,1,Q_CONS_001_002,DISCIPLINE_HABITS,Q_DISC_001_002,DISCIPLINE_HABITS,How often do you start tasks with motivation but fail to complete them?,
exact,1,Q_PRS_001_011,EXAMINATION_STRESS,Q_LTP_001_018,LONG_TERM,How often do you abandon goals when progress feels slow?,
exact,1,Q_PERSIST_001_001,DISCIPLINE_HABITS,Q_PERSIST_001_001_v2,DISCIPLINE_HABITS,How persistent are you when you face difficulty in understanding a subject topic?,
exact,1,Q_RES_001_025_v2,EMOTIONAL_RECOVERY,Q_RES_001_025_v3,EMOTIONAL_RECOVERY,How hopeful are you about performing better in future competitive situations?,
exact,1,Q_PERSIST_001_002,DISCIPLINE_HABITS,Q_PERSIST_001_002_v2,DISCIPLINE_HABITS,How often do you stop studying a subject when it becomes too difficult to understand?,
exact,1,Q_PERSIST_001_003,DISCIPLINE_HABITS,Q_PERSIST_001_003_v2,DISCIPLINE_HABITS,"Compared to others, how well do you persist in subjects that you initially find challenging?",
exact,1,Q_PERSIST_001_004,DISCIPLINE_HABITS,Q_PERSIST_001_004_v2,DISCIPLINE_HABITS,Do you feel discouraged easily when you are unable to solve difficult problems in a subject?,
exact,1,Q_PERSIST_001_005,DISCIPLINE_HABITS,Q_PERSIST_001_005_v2,DISCIPLINE_HABITS,"If a subject becomes very challenging, how confident are you that you will still continue learning it consistently?",
exact,1,Q_PERSIST_001_006,DISCIPLINE_HABITS,Q_PERSIST_001_006_v2,DISCIPLINE_HABITS,How emotionally frustrating do you find difficult subjects when you cannot understand them quickly?,
exact,1,Q_PERSIST_001_007,DISCIPLINE_HABITS,Q_PERSIST_001_007_v2,DISCIPLINE_HABITS,How often do you feel like giving up when a subject does not improve despite repeated effort?,
exact,1,Q_PERSIST_001_008,DISCIPLINE_HABITS,Q_PERSIST_001_008_v2,DISCIPLINE_HABITS,How emotionally draining is it for you to repeatedly try solving difficult concepts in a subject?,
exact,1,Q_PERSIST_001_009,DISCIPLINE_HABITS,Q_PERSIST_001_009_v2,DISCIPLINE_HABITS,How strongly do comparisons with high-performing students affect your motivation to continue difficult subjects?,
exact,1,Q_PERSIST_001_010,DISCIPLINE_HABITS,Q_PERSIST_001_010_v2,DISCIPLINE_HABITS,"Compared to last year, how much has your ability to persist in difficult subjects changed?",
exact,1,Q_PERSIST_001_011,DISCIPLINE_HABITS,Q_PERSIST_001_011_v2,DISCIPLINE_HABITS,How often do you switch away from difficult subjects instead of trying alternative methods to understand them?,
exact,1,Q_PERSIST_001_012,DISCIPLINE_HABITS,Q_PERSIST_001_012_v2,DISCIPLINE_HABITS,How often do you stop studying a topic once you feel stuck instead of revisiting it later?,
exact,1,Q_PERSIST_001_013,DISCIPLINE_HABITS,Q_PERSIST_001_013_v2,DISCIPLINE_HABITS,"During long study sessions, how often do you lose motivation when a topic does not become clear quickly?",
exact,1,Q_PERSIST_001_014,DISCIPLINE_HABITS,Q_PERSIST_001_014_v2,DISCIPLINE_HABITS,How likely are you to avoid subjects you previously found difficult?,
exact,1,Q_PERSIST_001_015,DISCIPLINE_HABITS,Q_PERSIST_001_015_v2,DISCIPLINE_HABITS,How often do difficult subjects affect your overall mood or confidence negatively for the rest of the day?,
exact,1,Q_PERSIST_001_016,DISCIPLINE_HABITS,Q_PERSIST_001_016_v2,DISCIPLINE_HABITS,"When you struggle with a difficult subject, how effectively can you find alternative ways to understand it?",
exact,1,Q_PERSIST_001_017,DISCIPLINE_HABITS,Q_PERSIST_001_017_v2,DISCIPLINE_HABITS,"How often do you seek help (friends, teachers, online resources) when a subject becomes difficult?",
exact,1,Q_PERSIST_001_018,DISCIPLINE_HABITS,Q_PERSIST_001_018_v2,DISCIPLINE_HABITS,Some students continue practicing difficult topics until they understand them fully. How true is this for you?,
exact,1,Q_PERSIST_001_019,DISCIPLINE_HABITS,Q_PERSIST_001_019_v2,DISCIPLINE_HABITS,"After successfully understanding a previously difficult topic, how motivated do you feel to continue studying?",
exact,1,Q_PERSIST_001_020,DISCIPLINE_HABITS,Q_PERSIST_001_020_v2,DISCIPLINE_HABITS,"Even if a subject feels difficult initially, how confident are you that you can master it with consistent effort?",
exact,1,Q_PERSIST_001_021,DISCIPLINE_HABITS,Q_PERSIST_001_021_v2,DISCIPLINE_HABITS,How ready are you to keep practicing difficult subjects even when progress feels slow?,
exact,1,Q_PERSIST_001_022,DISCIPLINE_HABITS,Q_PERSIST_001_022_v2,DISCIPLINE_HABITS,"If proper strategies were given, how willing would you be to apply them consistently to improve difficult subjects?",
exact,1,Q_PERSIST_001_023,DISCIPLINE_HABITS,Q_PERSIST_001_023_v2,DISCIPLINE_HABITS,How strongly do you believe effort over time can help you master difficult subjects?,
exact,1,Q_PERSIST_001_024,DISCIPLINE_HABITS,Q_PERSIST_001_024_v2,DISCIPLINE_HABITS,"If you failed to understand something today, how likely are you to revisit it again later instead of avoiding it?",
exact,1,Q_PERSIST_001_025,DISCIPLINE_HABITS,Q_PERSIST_001_025_v2,DISCIPLINE_HABITS,"Even if difficult subjects feel frustrating now, how hopeful are you that you can eventually improve and master them with practice?",
exact,1,Q_COMPARE_001_001_v3,SOCIAL_EMOTIONAL,Q_COMPARE_001_001_v4,SOCIAL_EMOTIONAL,How often do you compare your achievements or progress with those of your peers?,
exact,1,Q_COMPARE_001_001_v3,SOCIAL_EMOTIONAL,Q_COMPARE_001_001_v5,SOCIAL_EMOTIONAL,How often do you compare your achievements or progress with those of your peers?,
exact,1,Q_COMPARE_001_002_v3,SOCIAL_EMOTIONAL,Q_COMPARE_001_002_v4,SOCIAL_EMOTIONAL,"When you see peers doing better, how often does it affect your emotional state?",
exact,1,Q_COMPARE_001_002_v3,SOCIAL_EMOTIONAL,Q_COMPARE_001_002_v5,SOCIAL_EMOTIONAL,"When you see peers doing better, how often does it affect your emotional state?",
exact,1,Q_COMPARE_001_003_v3,SOCIAL_EMOTIONAL,Q_COMPARE_001_003_v4,SOCIAL_EMOTIONAL,How often do you feel pressured about your progress after observing others achievements?,
exact,1,Q_COMPARE_001_003_v3,SOCIAL_EMOTIONAL,Q_COMPARE_001_003_v5,SOCIAL_EMOTIONAL,How often do you feel pressured about your progress after observing others achievements?,
exact,1,Q_COMPARE_001_004_v3,SOCIAL_EMOTIONAL,Q_COMPARE_001_004_v4,SOCIAL_EMOTIONAL,"When peers share their success publicly, how strongly do you feel you are behind?",
exact,1,Q_COMPARE_001_004_v3,SOCIAL_EMOTIONAL,Q_COMPARE_001_004_v5,SOCIAL_EMOTIONAL,"When peers share their success publicly, how strongly do you feel you are behind?",
exact,1,Q_COMPARE_001_005_v3,SOCIAL_EMOTIONAL,Q_COMPARE_001_005_v4,SOCIAL_EMOTIONAL,"Even if your growth is steady, how often do comparisons make you doubt your future success?",
exact,1,Q_COMPARE_001_005_v3,SOCIAL_EMOTIONAL,Q_COMPARE_001_005_v5,SOCIAL_EMOTIONAL,"Even if your growth is steady, how often do comparisons make you doubt your future success?",
exact,1,Q_COMPARE_001_006_v3,SOCIAL_EMOTIONAL,Q_COMPARE_001_006_v4,SOCIAL_EMOTIONAL,How emotionally stressful do you feel after comparing yourself with high-performing peers?,
exact,1,Q_COMPARE_001_006_v3,SOCIAL_EMOTIONAL,Q_COMPARE_001_006_v5,SOCIAL_EMOTIONAL,How emotionally stressful do you feel after comparing yourself with high-performing peers?,
exact,1,Q_COMPARE_001_007_v3,SOCIAL_EMOTIONAL,Q_COMPARE_001_007_v4,SOCIAL_EMOTIONAL,How often does comparing yourself with others reduce your motivation?,
exact,1,Q_COMPARE_001_007_v3,SOCIAL_EMOTIONAL,Q_COMPARE_001_007_v5,SOCIAL_EMOTIONAL,How often does comparing yourself with others reduce your motivation?,
exact,1,Q_COMPARE_001_008_v3,SOCIAL_EMOTIONAL,Q_COMPARE_001_008_v4,SOCIAL_EMOTIONAL,How much does peer comparison affect your ability to focus on your own goals?,
exact,1,Q_COMPARE_001_008_v3,SOCIAL_EMOTIONAL,Q_COMPARE_001_008_v5,SOCIAL_EMOTIONAL,How much does peer comparison affect your ability to focus on your own goals?,
exact,1,Q_COMPARE_001_009_v3,SOCIAL_EMOTIONAL,Q_COMPARE_001_009_v4,SOCIAL_EMOTIONAL,How strongly do you feel your self-worth depends on being better than or equal to peers?,
exact,1,Q_COMPARE_001_009_v3,SOCIAL_EMOTIONAL,Q_COMPARE_001_009_v5,SOCIAL_EMOTIONAL,How strongly do you feel your self-worth depends on being better than or equal to peers?,
exact,1,Q_COMPARE_001_010_v3,SOCIAL_EMOTIONAL,Q_COMPARE_001_010_v4,SOCIAL_EMOTIONAL,"Compared to earlier, how difficult has it become to stay confident when seeing others succeed?",
exact,1,Q_COMPARE_001_010_v3,SOCIAL_EMOTIONAL,Q_COMPARE_001_010_v5,SOCIAL_EMOTIONAL,"Compared to earlier, how difficult has it become to stay confident when seeing others succeed?",
exact,1,Q_COMPARE_001_011_v3,SOCIAL_EMOTIONAL,Q_COMPARE_001_011_v4,SOCIAL_EMOTIONAL,How often do you check others progress to evaluate your own success?,
exact,1,Q_COMPARE_001_011_v3,SOCIAL_EMOTIONAL,Q_COMPARE_001_011_v5,SOCIAL_EMOTIONAL,How often do you check others progress to evaluate your own success?,
exact,1,Q_COMPARE_001_012_v3,SOCIAL_EMOTIONAL,Q_COMPARE_001_012_v4,SOCIAL_EMOTIONAL,How often do you feel dissatisfied with your progress after using others as a benchmark?,
exact,1,Q_COMPARE_001_012_v3,SOCIAL_EMOTIONAL,Q_COMPARE_001_012_v5,SOCIAL_EMOTIONAL,How often do you feel dissatisfied with your progress after using others as a benchmark?,
exact,1,Q_COMPARE_001_013_v3,SOCIAL_EMOTIONAL,Q_COMPARE_001_013_v4,SOCIAL_EMOTIONAL,"When peers achieve milestones, how often do you feel discouraged about your own journey?",
exact,1,Q_COMPARE_001_013_v3,SOCIAL_EMOTIONAL,Q_COMPARE_001_013_v5,SOCIAL_EMOTIONAL,"When peers achieve milestones, how often do you feel discouraged about your own journey?",
exact,1,Q_COMPARE_001_014_v3,SOCIAL_EMOTIONAL,Q_COMPARE_001_014_v4,SOCIAL_EMOTIONAL,How likely are you to change your goals based on what your peers are achieving?,
exact,1,Q_COMPARE_001_014_v3,SOCIAL_EMOTIONAL,Q_COMPARE_001_014_v5,SOCIAL_EMOTIONAL,How likely are you to change your goals based on what your peers are achieving?,
exact,1,Q_COMPARE_001_015_v3,SOCIAL_EMOTIONAL,Q_COMPARE_001_015_v4,SOCIAL_EMOTIONAL,"After comparing yourself with peers, how quickly are you able to regain focus on your own progress?",
exact,1,Q_COMPARE_001_015_v3,SOCIAL_EMOTIONAL,Q_COMPARE_001_015_v5,SOCIAL_EMOTIONAL,"After comparing yourself with peers, how quickly are you able to regain focus on your own progress?",
exact,1,Q_COMPARE_001_016_v3,SOCIAL_EMOTIONAL,Q_COMPARE_001_016_v4,SOCIAL_EMOTIONAL,"When you feel behind others, how effectively can you redirect your attention to your own growth journey?",
exact,1,Q_COMPARE_001_016_v3,SOCIAL_EMOTIONAL,Q_COMPARE_001_016_v5,SOCIAL_EMOTIONAL,"When you feel behind others, how effectively can you redirect your attention to your own growth journey?",
exact,1,Q_COMPARE_001_017_v3,SOCIAL_EMOTIONAL,Q_COMPARE_001_017_v4,SOCIAL_EMOTIONAL,How often do you consciously avoid comparing yourself with others?,
exact,1,Q_COMPARE_001_017_v3,SOCIAL_EMOTIONAL,Q_COMPARE_001_017_v5,SOCIAL_EMOTIONAL,How often do you consciously avoid comparing yourself with others?,
exact,1,Q_COMPARE_001_018_v3,SOCIAL_EMOTIONAL,Q_COMPARE_001_018_v4,SOCIAL_EMOTIONAL,Some people feel successful only when they are ahead of their peers. How true is this for you?,
exact,1,Q_COMPARE_001_018_v3,SOCIAL_EMOTIONAL,Q_COMPARE_001_018_v5,SOCIAL_EMOTIONAL,Some people feel successful only when they are ahead of their peers. How true is this for you?,
exact,1,Q_COMPARE_001_019_v3,SOCIAL_EMOTIONAL,Q_COMPARE_001_019_v4,SOCIAL_EMOTIONAL,"After reframing your focus back to your own journey, how emotionally calm do you usually feel?",
exact,1,Q_COMPARE_001_019_v3,SOCIAL_EMOTIONAL,Q_COMPARE_001_019_v5,SOCIAL_EMOTIONAL,"After reframing your focus back to your own journey, how emotionally calm do you usually feel?",
exact,1,Q_COMPARE_001_020_v3,SOCIAL_EMOTIONAL,Q_COMPARE_001_020_v4,SOCIAL_EMOTIONAL,"Even if others are progressing faster, how confident are you that your own path will still lead to success?",
exact,1,Q_COMPARE_001_020_v3,SOCIAL_EMOTIONAL,Q_COMPARE_001_020_v5,SOCIAL_EMOTIONAL,"Even if others are progressing faster, how confident are you that your own path will still lead to success?",
exact,1,Q_COMPARE_001_021_v3,SOCIAL_EMOTIONAL,Q_COMPARE_001_021_v4,SOCIAL_EMOTIONAL,How ready are you to focus more on your own progress rather than comparing with peers?,
exact,1,Q_COMPARE_001_021_v3,SOCIAL_EMOTIONAL,Q_COMPARE_001_021_v5,SOCIAL_EMOTIONAL,How ready are you to focus more on your own progress rather than comparing with peers?,
exact,1,Q_COMPARE_001_022_v3,SOCIAL_EMOTIONAL,Q_COMPARE_001_022_v4,SOCIAL_EMOTIONAL,"If you had tools to reduce peer comparison habits, how willing would you be to use them consistently?",
exact,1,Q_COMPARE_001_022_v3,SOCIAL_EMOTIONAL,Q_COMPARE_001_022_v5,SOCIAL_EMOTIONAL,"If you had tools to reduce peer comparison habits, how willing would you be to use them consistently?",
exact,1,Q_COMPARE_001_023_v3,SOCIAL_EMOTIONAL,Q_COMPARE_001_023_v4,SOCIAL_EMOTIONAL,How strongly do you believe comparing yourself with others helps your long-term growth?,
exact,1,Q_COMPARE_001_023_v3,SOCIAL_EMOTIONAL,Q_COMPARE_001_023_v5,SOCIAL_EMOTIONAL,How strongly do you believe comparing yourself with others helps your long-term growth?,
exact,1,Q_COMPARE_001_024_v3,SOCIAL_EMOTIONAL,Q_COMPARE_001_024_v4,SOCIAL_EMOTIONAL,"If you received one practical strategy today to reduce comparison stress, how likely are you to apply it?",
exact,1,Q_COMPARE_001_024_v3,SOCIAL_EMOTIONAL,Q_COMPARE_001_024_v5,SOCIAL_EMOTIONAL,"If you received one practical strategy today to reduce comparison stress, how likely are you to apply it?",
exact,1,Q_COMPARE_001_025_v3,SOCIAL_EMOTIONAL,Q_COMPARE_001_025_v4,SOCIAL_EMOTIONAL,"Even if you often compare yourself with others now, how hopeful are you that you can develop a more self-focused and confident mindset over time?",
exact,1,Q_COMPARE_001_025_v3,SOCIAL_EMOTIONAL,Q_COMPARE_001_025_v5,SOCIAL_EMOTIONAL,"Even if you often compare yourself with others now, how hopeful are you that you can develop a more self-focused and confident mindset over time?",
exact,1,Q_DIG_001_001_v2,LIFESTYLE_PRESSURE,Q_DIG_001_001_v3,LIFESTYLE_PRESSURE,"How strongly do you feel that digital distractions (social media, reels, games) affect your ability to focus on learning?",
exact,1,Q_DIG_001_002_v2,LIFESTYLE_PRESSURE,Q_DIG_001_002_v3,LIFESTYLE_PRESSURE,How often do you lose study time due to scrolling on social media or entertainment apps?,
exact,1,Q_DIG_001_003_v2,LIFESTYLE_PRESSURE,Q_DIG_001_003_v3,LIFESTYLE_PRESSURE,Do you feel restless or anxious when you are away from your phone while studying?,
exact,1,Q_DIG_001_004_v2,LIFESTYLE_PRESSURE,Q_DIG_001_004_v3,LIFESTYLE_PRESSURE,"Compared to your peers, how controlled do you feel in managing your digital usage during study time?",
exact,1,Q_DIG_001_005_v2,LIFESTYLE_PRESSURE,Q_DIG_001_005_v3,LIFESTYLE_PRESSURE,"If you try to study for a long period, how difficult is it for you to stay away from distractions like notifications and apps?",
exact,1,Q_DIG_001_006_v2,LIFESTYLE_PRESSURE,Q_DIG_001_006_v3,LIFESTYLE_PRESSURE,How stressed do you feel when you try to reduce your screen time?,
exact,1,Q_DIG_001_007_v2,LIFESTYLE_PRESSURE,Q_DIG_001_007_v3,LIFESTYLE_PRESSURE,How often do you feel guilty after spending excessive time on your phone instead of studying?,
exact,1,Q_DIG_001_008_v2,LIFESTYLE_PRESSURE,Q_DIG_001_008_v3,LIFESTYLE_PRESSURE,How much does phone usage interrupt your study sessions on a daily basis?,
exact,1,Q_DIG_001_009_v2,LIFESTYLE_PRESSURE,Q_DIG_001_009_v3,LIFESTYLE_PRESSURE,How strongly do you feel pressure to constantly check notifications even during important tasks?,
exact,1,Q_DIG_001_010_v2,LIFESTYLE_PRESSURE,Q_DIG_001_010_v3,LIFESTYLE_PRESSURE,"Compared to last year, how much more dependent do you feel on digital devices for entertainment?",
exact,1,Q_DIG_001_011_v2,LIFESTYLE_PRESSURE,Q_DIG_001_011_v3,LIFESTYLE_PRESSURE,How often do you start studying with your phone nearby and get distracted within minutes?,
exact,1,Q_DIG_001_012_v2,LIFESTYLE_PRESSURE,Q_DIG_001_012_v3,LIFESTYLE_PRESSURE,How often do you check your phone without a specific reason while studying?,
exact,1,Q_DIG_001_013_v2,LIFESTYLE_PRESSURE,Q_DIG_001_013_v3,LIFESTYLE_PRESSURE,"During study sessions, how focused are you without thinking about social media or entertainment?",
exact,1,Q_DIG_001_014_v2,LIFESTYLE_PRESSURE,Q_DIG_001_014_v3,LIFESTYLE_PRESSURE,"How likely are you to postpone studying because of digital entertainment (videos, reels, games)?",
exact,1,Q_DIG_001_015_v2,LIFESTYLE_PRESSURE,Q_DIG_001_015_v3,LIFESTYLE_PRESSURE,How often do you feel that your study efficiency is reduced due to multitasking with digital devices?,
exact,1,Q_DIG_001_016_v2,LIFESTYLE_PRESSURE,Q_DIG_001_016_v3,LIFESTYLE_PRESSURE,"When you intentionally avoid digital distractions, how effectively can you maintain focus on learning?",
exact,1,Q_DIG_001_017_v2,LIFESTYLE_PRESSURE,Q_DIG_001_017_v3,LIFESTYLE_PRESSURE,How often do you use strategies (like app limits or study mode) to control digital distractions?,
exact,1,Q_DIG_001_018_v2,LIFESTYLE_PRESSURE,Q_DIG_001_018_v3,LIFESTYLE_PRESSURE,How often do you lose track of time while using social media or watching videos?,
exact,1,Q_DIG_001_019_v2,LIFESTYLE_PRESSURE,Q_DIG_001_019_v3,LIFESTYLE_PRESSURE,"After reducing screen time successfully, how motivated do you feel to continue focused studying?",
exact,1,Q_DIG_001_020_v2,LIFESTYLE_PRESSURE,Q_DIG_001_020_v3,LIFESTYLE_PRESSURE,How confident are you that you can build strong focus habits despite digital distractions?,
exact,1,Q_DIG_001_021_v2,LIFESTYLE_PRESSURE,Q_DIG_001_021_v3,LIFESTYLE_PRESSURE,How ready are you to reduce unnecessary screen time to improve your learning performance?,
exact,1,Q_DIG_001_022_v2,LIFESTYLE_PRESSURE,Q_DIG_001_022_v3,LIFESTYLE_PRESSURE,"If given guidance, how willing are you to follow a structured digital detox or focus plan?",
exact,1,Q_DIG_001_023_v2,LIFESTYLE_PRESSURE,Q_DIG_001_023_v3,LIFESTYLE_PRESSURE,How strongly do you believe that digital discipline directly improves academic performance?,
exact,1,Q_DIG_001_024_v2,LIFESTYLE_PRESSURE,Q_DIG_001_024_v3,LIFESTYLE_PRESSURE,"If you set a rule to limit phone usage during study time, how likely are you to follow it consistently?",
exact,1,Q_DIG_001_025_v2,LIFESTYLE_PRESSURE,Q_DIG_001_025_v3,LIFESTYLE_PRESSURE,"Even if digital distractions affect you now, how confident are you that you can overcome them and improve your learning habits?",
exact,1,Q_RES_001_001_v2,EMOTIONAL_RECOVERY,Q_RES_001_001_v3,EMOTIONAL_RECOVERY,"When competition increases, how stable do you feel emotionally?",
exact,1,Q_RES_001_002_v2,EMOTIONAL_RECOVERY,Q_RES_001_002_v3,EMOTIONAL_RECOVERY,"During exams or placements, how quickly do you feel overwhelmed?",
exact,1,Q_RES_001_003_v2,EMOTIONAL_RECOVERY,Q_RES_001_003_v3,EMOTIONAL_RECOVERY,"When others outperform you, how difficult is it to stay motivated?",
exact,1,Q_RES_001_004_v2,EMOTIONAL_RECOVERY,Q_RES_001_004_v3,EMOTIONAL_RECOVERY,Do setbacks in competition make you lose confidence for long periods?,
exact,1,Q_RES_001_005_v2,EMOTIONAL_RECOVERY,Q_RES_001_005_v3,EMOTIONAL_RECOVERY,How confident are you about recovering after a poor performance?,
exact,1,Q_RES_001_006_v2,EMOTIONAL_RECOVERY,Q_RES_001_006_v3,EMOTIONAL_RECOVERY,How stressful do competitive situations feel to you?,
exact,1,Q_RES_001_007_v2,EMOTIONAL_RECOVERY,Q_RES_001_007_v3,EMOTIONAL_RECOVERY,How often do you avoid challenges because of fear of failure?,
exact,1,Q_RES_001_008_v2,EMOTIONAL_RECOVERY,Q_RES_001_008_v3,EMOTIONAL_RECOVERY,"When tasks become difficult, how likely are you to give up early?",
exact,1,Q_RES_001_009_v2,EMOTIONAL_RECOVERY,Q_RES_001_009_v3,EMOTIONAL_RECOVERY,How effectively can you recover after a bad exam or interview?,
exact,1,Q_RES_001_010_v2,EMOTIONAL_RECOVERY,Q_RES_001_010_v3,EMOTIONAL_RECOVERY,"After failure, how long do you stay demotivated?",
exact,1,Q_RES_001_011_v2,EMOTIONAL_RECOVERY,Q_RES_001_011_v3,EMOTIONAL_RECOVERY,"In competitive environments, how confident are you in your abilities?",
exact,1,Q_RES_001_012_v2,EMOTIONAL_RECOVERY,Q_RES_001_012_v3,EMOTIONAL_RECOVERY,How often do you compare yourself negatively with peers?,
exact,1,Q_RES_001_013_v2,EMOTIONAL_RECOVERY,Q_RES_001_013_v3,EMOTIONAL_RECOVERY,Do you feel anxious before competitive evaluations?,
exact,1,Q_RES_001_014_v2,EMOTIONAL_RECOVERY,Q_RES_001_014_v3,EMOTIONAL_RECOVERY,"In group competition, how comfortable are you performing under observation?",
exact,1,Q_RES_001_015_v2,EMOTIONAL_RECOVERY,Q_RES_001_015_v3,EMOTIONAL_RECOVERY,"When stressed, how often do you actively try to improve instead of quitting?",
exact,1,Q_RES_001_016_v2,EMOTIONAL_RECOVERY,Q_RES_001_016_v3,EMOTIONAL_RECOVERY,How easily do negative thoughts take over during competition?,
exact,1,Q_RES_001_017_v2,EMOTIONAL_RECOVERY,Q_RES_001_017_v3,EMOTIONAL_RECOVERY,Do you bounce back quickly after failure?,
exact,1,Q_RES_001_018_v2,EMOTIONAL_RECOVERY,Q_RES_001_018_v3,EMOTIONAL_RECOVERY,How willing are you to face difficult competitive situations again after failure?,
exact,1,Q_RES_001_019_v2,EMOTIONAL_RECOVERY,Q_RES_001_019_v3,EMOTIONAL_RECOVERY,"After setbacks, how supported do you feel emotionally?",
exact,1,Q_RES_001_020_v2,EMOTIONAL_RECOVERY,Q_RES_001_020_v3,EMOTIONAL_RECOVERY,"Even after failure, how confident are you that you will succeed eventually?",
exact,1,Q_RES_001_021_v2,EMOTIONAL_RECOVERY,Q_RES_001_021_v3,EMOTIONAL_RECOVERY,How ready are you to handle repeated failures in competitive environments?,
exact,1,Q_RES_001_022_v2,EMOTIONAL_RECOVERY,Q_RES_001_022_v3,EMOTIONAL_RECOVERY,Do you stop trying after one or two failures?,
exact,1,Q_RES_001_023_v2,EMOTIONAL_RECOVERY,Q_RES_001_023_v3,EMOTIONAL_RECOVERY,How quickly can you regain focus after disappointment?,
exact,1,Q_RES_001_024_v2,EMOTIONAL_RECOVERY,Q_RES_001_024_v3,EMOTIONAL_RECOVERY,Do you believe competition helps you grow or makes you weaker?,
exact,1,Q_MOT_001_001_v2,MOTIVATION_VALUES,Q_MOT_001_001_v3,MOTIVATION_VALUES,How consistently are you able to stay motivated throughout an entire semester?,
exact,1,Q_MOT_001_002_v2,MOTIVATION_VALUES,Q_MOT_001_002_v3,MOTIVATION_VALUES,"At the start of a semester vs end, how much does your motivation usually change?",
exact,1,Q_MOT_001_003_v2,MOTIVATION_VALUES,Q_MOT_001_003_v3,MOTIVATION_VALUES,"Compared to your peers, how stable is your study motivation over time?",
exact,1,Q_MOT_001_004_v2,MOTIVATION_VALUES,Q_MOT_001_004_v3,MOTIVATION_VALUES,Do you feel your motivation drops after initial excitement in a course?,
exact,1,Q_MOT_001_005_v2,MOTIVATION_VALUES,Q_MOT_001_005_v3,MOTIVATION_VALUES,How easy is it for you to stay focused on long-term academic goals?,
exact,1,Q_MOT_001_006_v2,MOTIVATION_VALUES,Q_MOT_001_006_v3,MOTIVATION_VALUES,How often do you feel tired of studying midway through a semester?,
exact,1,Q_MOT_001_007_v2,MOTIVATION_VALUES,Q_MOT_001_007_v3,MOTIVATION_VALUES,How often does burnout affect your academic performance?,
exact,1,Q_MOT_001_008_v2,MOTIVATION_VALUES,Q_MOT_001_008_v3,MOTIVATION_VALUES,How much do deadlines influence your motivation compared to self-driven interest?,
exact,1,Q_MOT_001_009_v2,MOTIVATION_VALUES,Q_MOT_001_009_v3,MOTIVATION_VALUES,How often do you feel consistent effort is difficult to maintain over months?,
exact,1,Q_MOT_001_010_v2,MOTIVATION_VALUES,Q_MOT_001_010_v3,MOTIVATION_VALUES,"During long projects, how often do you lose interest before completion?",
exact,1,Q_MOT_001_011_v2,MOTIVATION_VALUES,Q_MOT_001_011_v3,MOTIVATION_VALUES,How often do you postpone studying until exams approach?,
exact,1,Q_MOT_001_012_v2,MOTIVATION_VALUES,Q_MOT_001_012_v3,MOTIVATION_VALUES,How often do you start strong but slow down after a few weeks?,
exact,1,Q_MOT_001_013_v2,MOTIVATION_VALUES,Q_MOT_001_013_v3,MOTIVATION_VALUES,How motivated are you during mid-semester compared to beginning?,
exact,1,Q_MOT_001_014_v2,MOTIVATION_VALUES,Q_MOT_001_014_v3,MOTIVATION_VALUES,How influenced is your motivation by seeing others perform better over time?,
exact,1,Q_MOT_001_015_v2,MOTIVATION_VALUES,Q_MOT_001_015_v3,MOTIVATION_VALUES,How often do you feel demotivated after receiving average academic results?,
exact,1,Q_MOT_001_016_v2,MOTIVATION_VALUES,Q_MOT_001_016_v3,MOTIVATION_VALUES,"When motivation drops, how effectively can you regain focus?",
exact,1,Q_MOT_001_017_v2,MOTIVATION_VALUES,Q_MOT_001_017_v3,MOTIVATION_VALUES,How often do you create new study plans when motivation declines?,
exact,1,Q_MOT_001_018_v2,MOTIVATION_VALUES,Q_MOT_001_018_v3,MOTIVATION_VALUES,Do you continue studying even when you feel bored or tired?,
exact,1,Q_MOT_001_019_v2,MOTIVATION_VALUES,Q_MOT_001_019_v3,MOTIVATION_VALUES,"After a break, how easily do you return to consistent study habits?",
exact,1,Q_MOT_001_020_v2,MOTIVATION_VALUES,Q_MOT_001_020_v3,MOTIVATION_VALUES,How confident are you that you can stay motivated throughout your degree?,
exact,1,Q_MOT_001_021_v2,MOTIVATION_VALUES,Q_MOT_001_021_v3,MOTIVATION_VALUES,How ready are you to build habits that maintain long-term motivation?,
exact,1,Q_MOT_001_022_v2,MOTIVATION_VALUES,Q_MOT_001_022_v3,MOTIVATION_VALUES,"If guided, how willing are you to work on improving consistency?",
exact,1,Q_MOT_001_023_v2,MOTIVATION_VALUES,Q_MOT_001_023_v3,MOTIVATION_VALUES,How strongly do you believe motivation can be trained like a skill?,
exact,1,Q_MOT_001_024_v2,MOTIVATION_VALUES,Q_MOT_001_024_v3,MOTIVATION_VALUES,"If given a weekly goal system, how likely are you to follow it?",
exact,1,Q_MOT_001_025_v2,MOTIVATION_VALUES,Q_MOT_001_025_v3,MOTIVATION_VALUES,How hopeful are you that you can maintain motivation throughout long academic cycles?,
exact,1,Q_COMM_001_021,COMMUNICATION_EXPRESSION,Q_COMM_001_021_v2,COMMUNICATION_EXPRESSION,How ready are you to actively improve your communication skills?,
exact,1,Q_LTG_001_004,LONG_TERM,Q_CAREERVISION_001_003,CAREER_READINESS,"Compared to your peers, how confident are you about your long-term career direction?",
exact,1,Q_CAREER_001_009_v5,CAREER_READINESS,Q_CAREERDIR_001_010,CAREER_READINESS,"Compared to last year, how much more uncertain do you feel about your career direction now?",
exact,1,Q_CAREER_001_009_v5,CAREER_READINESS,Q_CAREERTRANS_001_010,CAREER_GROWTH,"Compared to last year, how much more uncertain do you feel about your career direction now?",
exact,1,Q_ACAD_001_005_v2,ACADEMIC_COGNITIVE,Q_ACAD_001_020_v3,ACADEMIC_COGNITIVE,How confident are you that you can improve your academic performance over time?,
exact,1,Q_ACAD_001_005_v2,ACADEMIC_COGNITIVE,Q_STUDY_001_020_v2,DISCIPLINE_HABITS,How confident are you that you can improve your academic performance over time?,
exact,1,Q_OVR_001_001,GENERAL_CONCERN,Q_OVR_001_001_v2,GENERAL_CONCERN,How often do you find yourself overthinking simple decisions in daily life?,
exact,1,Q_OVR_001_002,GENERAL_CONCERN,Q_OVR_001_002_v2,GENERAL_CONCERN,How frequently do you replay past conversations in your mind repeatedly?,
exact,1,Q_OVR_001_003,GENERAL_CONCERN,Q_OVR_001_003_v2,GENERAL_CONCERN,Do you feel mentally exhausted due to continuous thinking and analysis?,
exact,1,Q_OVR_001_004,GENERAL_CONCERN,Q_OVR_001_004_v2,GENERAL_CONCERN,How often do you doubt your own decisions even after making them?,
exact,1,Q_OVR_001_005,GENERAL_CONCERN,Q_OVR_001_005_v2,GENERAL_CONCERN,"When planning your future, how often do you feel stuck due to too many thoughts?",
exact,1,Q_OVR_001_006,GENERAL_CONCERN,Q_OVR_001_006_v2,GENERAL_CONCERN,How stressful does overthinking feel in your daily life?,
exact,1,Q_OVR_001_007,GENERAL_CONCERN,Q_OVR_001_007_v2,GENERAL_CONCERN,How often do you lose sleep due to excessive thoughts?,
exact,1,Q_OVR_001_008,GENERAL_CONCERN,Q_OVR_001_008_v2,GENERAL_CONCERN,How often do you delay decisions because you keep analyzing too much?,
exact,1,Q_OVR_001_009,GENERAL_CONCERN,Q_OVR_001_009_v2,GENERAL_CONCERN,How much does worrying about others opinions affect your thinking?,
exact,1,Q_OVR_001_010,GENERAL_CONCERN,Q_OVR_001_010_v2,GENERAL_CONCERN,"Compared to last year, how much more do you find yourself overanalyzing situations?",
exact,1,Q_OVR_001_011,GENERAL_CONCERN,Q_OVR_001_011_v2,GENERAL_CONCERN,How often do you struggle to take action because you keep thinking of what if scenarios?,
exact,1,Q_OVR_001_012,GENERAL_CONCERN,Q_OVR_001_012_v2,GENERAL_CONCERN,How often do you second-guess yourself after completing a task?,
exact,1,Q_OVR_001_013,GENERAL_CONCERN,Q_OVR_001_013_v2,GENERAL_CONCERN,"During stressful situations, how difficult is it for you to stop overthinking?",
exact,1,Q_OVR_001_014,GENERAL_CONCERN,Q_OVR_001_014_v2,GENERAL_CONCERN,How likely are you to imagine worst-case scenarios frequently?,
exact,1,Q_OVR_001_015,GENERAL_CONCERN,Q_OVR_001_015_v2,GENERAL_CONCERN,How often do small problems turn into large mental stress due to overanalysis?,
exact,1,Q_OVR_001_016,GENERAL_CONCERN,Q_OVR_001_016_v2,GENERAL_CONCERN,"When you feel stuck in overthinking, how effectively can you shift your attention or calm your mind?",
exact,1,Q_OVR_001_017,GENERAL_CONCERN,Q_OVR_001_017_v2,GENERAL_CONCERN,"How often do you use strategies like writing, talking, or distraction to reduce overthinking?",
exact,1,Q_OVR_001_018,GENERAL_CONCERN,Q_OVR_001_018_v2,GENERAL_CONCERN,How often do you get stuck analyzing past mistakes instead of learning and moving on?,
exact,1,Q_OVR_001_019,GENERAL_CONCERN,Q_OVR_001_019_v2,GENERAL_CONCERN,"After calming yourself, how quickly do you return to clear and focused thinking?",
exact,1,Q_OVR_001_020,GENERAL_CONCERN,Q_OVR_001_020_v2,GENERAL_CONCERN,How confident are you that you can reduce overthinking with practice and awareness?,
exact,1,Q_OVR_001_021,GENERAL_CONCERN,Q_OVR_001_021_v2,GENERAL_CONCERN,How ready are you to practice habits that reduce overthinking and improve clarity?,
exact,1,Q_OVR_001_022,GENERAL_CONCERN,Q_OVR_001_022_v2,GENERAL_CONCERN,"If guidance is available, how willing are you to work on improving your thought control?",
exact,1,Q_OVR_001_023,GENERAL_CONCERN,Q_OVR_001_023_v2,GENERAL_CONCERN,How strongly do you believe that thoughts should be controlled rather than overanalyzed?,
exact,1,Q_OVR_001_024,GENERAL_CONCERN,Q_OVR_001_024_v2,GENERAL_CONCERN,"If given a simple technique to reduce overthinking, how likely are you to use it consistently?",
exact,1,Q_OVR_001_025,GENERAL_CONCERN,Q_OVR_001_025_v2,GENERAL_CONCERN,"Even if overthinking is frequent now, how hopeful are you that you can gain mental clarity over time?",
exact,1,Q_EXAM_001_024_v2,EXAMINATION_STRESS,Q_MOT_001_024_v4,MOTIVATION_VALUES,"If you had a structured plan, how likely are you to follow it consistently?",
exact,1,Q_REAL_001_001,CAREER_EXPOSURE,Q_EXP_001_001,CAREER_EXPOSURE,How confident do you feel about handling real workplace tasks (not academic assignments)?,
exact,1,Q_UNCERT_001_023_v2,THINKING_QUALITY,Q_CAR_001_023_v2,CAREER_READINESS,How strongly do you believe uncertainty is a normal part of career growth?,
exact,1,Q_REJ_001_011_v3,EMOTIONAL_RECOVERY,Q_REJ_001_011_v4,EMOTIONAL_RECOVERY,How often do you avoid applying for opportunities because you fear rejection?,
exact,1,Q_REV_001_020,STRATEGIC_PREPARATION,Q_REV_001_020_v5,STRATEGIC_PREPARATION,How confident are you that your revision strategy will improve over time?,
exact,1,Q_HEALTH_001_023,LIFESTYLE_PRESSURE,Q_HEALTH_001_023_v2,LIFESTYLE_PRESSURE,How strongly do you believe health impacts academic performance?,
exact,1,Q_ENERGY_001_021,MOTIVATION_VALUES,Q_LEARN_001_022_v3,LEARNING_ADAPTABILITY,"If given a structured plan, how likely are you to follow it consistently?",
exact,1,Q_CAREER_ANX_001_016,CAREER_READINESS,Q_ANX_001_016_v2,EMOTIONAL_REGULATION,"When you feel career anxiety, how effectively can you calm yourself?",
exact,1,Q_REIN_001_010,CAREER_GROWTH,Q_CRS_001_010,LONG_TERM,"Compared to last year, how much more pressure do you feel to reinvent yourself professionally?",
semantic,0.917,Q_HOLISTIC_001_024_v4,HOLISTIC_DEVELOPMENT,Q_WORKLIFE_001_024,HOLISTIC_DEVELOPMENT,"If you learned one practical strategy today to improve balance in your life, how likely are you to apply it consistently?","If you learned one practical strategy today to improve work-life balance, how likely are you to apply it consistently?"
semantic,0.9,Q_EXTERNALVAL_001_005,MOTIVATION_VALUES,Q_EXTERNALVAL_001_020,MOTIVATION_VALUES,"Even without external recognition, how confident are you that you can stay motivated long-term?","Even without external recognition, how confident are you that you can stay consistently motivated in the long term?"
semantic,0.9,Q_WORKHOME_001_021,HOLISTIC_DEVELOPMENT,Q_SPILL_001_021,HOLISTIC_DEVELOPMENT,How ready are you to improve your ability to separate work emotions from personal life?,How ready are you to actively improve your ability to separate work emotions from personal life?
semantic,0.875,Q_PLACE_001_023_v2,EMPLOYABILITY,Q_INTERVIEWCONF_001_023,EMPLOYABILITY,How strongly do you believe interview confidence can improve through consistent practice?,How strongly do you believe interview confidence can improve with consistent practice?
semantic,0.875,Q_ATT_001_023,DISCIPLINE_HABITS,Q_ATTSPAN_001_023,DISCIPLINE_HABITS,How strongly do you believe attention span can be improved with practice and discipline?,How strongly do you believe attention span can be improved through practice and discipline?
semantic,0.875,Q_DECISION_001_023,THINKING_QUALITY,Q_DEC_001_023_v2,THINKING_QUALITY,How strongly do you believe good decision-making improves with experience and practice?,How strongly do you believe decision-making improves with experience and practice?
semantic,0.857,Q_CAREER_001_009_v5,CAREER_READINESS,Q_CAR_001_010_v2,CAREER_READINESS,"Compared to last year, how much more uncertain do you feel about your career direction now?","Compared to last year, how much more worried are you about your career direction being uncertain?"
semantic,0.857,Q_CAREERVISION_001_016,CAREER_READINESS,Q_CAREERDIR_001_016,CAREER_READINESS,"When you feel uncertain about your career direction, how effectively can you regain clarity and focus?","When you feel uncertain about your career direction, how effectively can you regain clarity?"
semantic,0.857,Q_CAR_001_010_v2,CAREER_READINESS,Q_CAREERDIR_001_010,CAREER_READINESS,"Compared to last year, how much more worried are you about your career direction being uncertain?","Compared to last year, how much more uncertain do you feel about your career direction now?"
semantic,0.857,Q_INTERVIEW_001_023,EMPLOYABILITY,Q_INTERVIEW_001_023_v2,EMPLOYABILITY,How strongly do you believe interview confidence can improve with practice and experience?,How strongly do you believe interview confidence can improve with practice?
semantic,0.857,Q_INTERVIEWCONF_001_023,EMPLOYABILITY,Q_INTERVIEW_001_023_v2,EMPLOYABILITY,How strongly do you believe interview confidence can improve with consistent practice?,How strongly do you believe interview confidence can improve with practice?
semantic,0.857,Q_EMC_001_023,EMOTIONAL_REGULATION,Q_EMO_001_023_v7,EMOTIONAL_REGULATION,How strongly do you believe emotional stability can be improved with practice and experience?,How strongly do you believe emotional stability can be improved with experience?
semantic,0.857,Q_FOCUS_001_017,DISCIPLINE_HABITS,Q_ATTSPAN_001_017,DISCIPLINE_HABITS,"How often do you use strategies like breaks, planning, or timers to improve focus?",How often do you use strategies (like breaks or planning) to improve your focus?
semantic,0.857,Q_REJ_001_014_v3,EMOTIONAL_RECOVERY,Q_REJ_001_014_v4,EMOTIONAL_RECOVERY,How likely are you to compare yourself negatively with others after rejection?,How likely are you to compare yourself negatively with others after facing rejection?
semantic,0.833,Q_CAREERUNCERT_001_024,CAREER_READINESS,Q_CAREERAMB_001_024,CAREER_READINESS,"If you learned one practical strategy today to manage career uncertainty better, how likely are you to apply it consistently?","If you learned one practical strategy to manage career uncertainty, how likely are you to apply it consistently?"
semantic,0.833,Q_INTERVIEW_001_021_v3,EMPLOYABILITY,Q_PLAC_001_023,EMPLOYABILITY,How strongly do you believe you can improve your interview skills with practice?,Do you believe you can improve your interview skills with practice?
semantic,0.833,Q_BURNOUT_001_012_v2,EMOTIONAL_REGULATION,Q_BURNOUT_001_011_v3,EMOTIONAL_REGULATION,How often do you continue studying even when you know you are mentally exhausted?,How often do you continue studying even when you feel mentally exhausted?
semantic,0.833,Q_EMO_001_013_v4,EMOTIONAL_REGULATION,Q_EMO_001_003_v6,EMOTIONAL_REGULATION,How often do you compare your progress with others and feel emotionally affected?,"When you compare your career progress with others, how emotionally affected do you feel?"
semantic,0.833,Q_CORP_001_014,WORKPLACE_ADAPTATION,Q_CAM_001_014,WORKPLACE_ADAPTATION,How likely are you to feel intimidated by senior professionals or managers?,How likely are you to feel intimidated by senior professionals or managers in a workplace?
semantic,0.833,Q_TIME_001_020_v2,DISCIPLINE_HABITS,Q_TIME_001_020_v3,DISCIPLINE_HABITS,How confident are you that you can improve your time management skills?,How confident are you that you can improve your time management skills with practice?
semantic,0.833,Q_SELFDISC_001_020,DISCIPLINE_HABITS,Q_DISC_001_020,DISCIPLINE_HABITS,How confident are you that you can build strong daily discipline over time?,How confident are you that you can build strong discipline over time?
semantic,0.833,Q_SELFDISC_001_021,DISCIPLINE_HABITS,Q_DISC_001_021,DISCIPLINE_HABITS,How ready are you to actively improve your daily discipline habits?,How ready are you to improve your daily discipline habits?
semantic,0.833,Q_REJ_001_025_v2,EMOTIONAL_RECOVERY,Q_REC_001_020,EMOTIONAL_RECOVERY,"After facing rejection, how hopeful do you feel about future opportunities?","After rejection, how hopeful do you feel about future opportunities?"
semantic,0.833,Q_STAGCONF_005,LEARNING_ADAPTABILITY,Q_STAG_001_025,LEARNING_ADAPTABILITY,"If progress is slow, how confident are you that you will eventually succeed?","Even if progress is slow, how confident are you that you will eventually succeed?"
semantic,0.833,Q_DECISION_001_019_v2,THINKING_QUALITY,Q_DEC_001_019_v2,THINKING_QUALITY,"After making a quick decision, how often do you feel confident about it?","After making a quick decision, how confident do you feel about the outcome?"
semantic,0.833,Q_MOT_001_024_v4,MOTIVATION_VALUES,Q_ENERGY_001_021,MOTIVATION_VALUES,"If you had a structured plan, how likely are you to follow it consistently?","If given a structured plan, how likely are you to follow it consistently?"
semantic,0.833,Q_FAM_001_014,ADJUSTMENT_COPING,Q_FAM_001_015_v3,ADJUSTMENT_COPING,How comfortable are you expressing disagreement with your family about your career?,How comfortable are you expressing disagreement with your family about career choices?
semantic,0.833,Q_HOLISTIC_001_024,HOLISTIC_DEVELOPMENT,Q_HOLISTIC_001_024_v4,HOLISTIC_DEVELOPMENT,"If you learned one practical strategy today to improve balance in your preparation, how likely are you to apply it consistently?","If you learned one practical strategy today to improve balance in your life, how likely are you to apply it consistently?"
semantic,0.833,Q_DIG_001_012_v2,LIFESTYLE_PRESSURE,Q_SCREEN_001_008,LIFESTYLE_PRESSURE,How often do you check your phone without a specific reason while studying?,How often do you check your phone without a specific reason?
semantic,0.833,Q_DIG_001_012_v3,LIFESTYLE_PRESSURE,Q_SCREEN_001_008,LIFESTYLE_PRESSURE,How often do you check your phone without a specific reason while studying?,How often do you check your phone without a specific reason?