concern_id,concern_name,concern_category,classification,confidence,label_polarity,verdict,reason
CONCERN_CLA_1677,Organizational Skills,Organization Skills,Capability,0.92,positive,Correct,capability + positive label
CONCERN_EMO_1537,awareness about hidden potential,Untapped Potential,Capability,0.55,positive,Correct,capability + positive label
CONCERN_CON_1873,Child Developing Victim Mindset,Victim Mentality,Capability,0.55,positive,Correct,capability + positive label
CONCERN_COM_1710,Conceptual Clarity in Core Subjects,Conceptual Clarity,Capability,0.92,positive,Correct,capability + positive label
CONCERN_CON_1295,Coordinating Multi-Layer Student Interventions,Fragmented Intervention Management,Capability,0.92,neutral,Questionable,capability but label neutral
CONCERN_ACA_1650,Problem-Solving Skills,Analytical Ability,Capability,0.55,positive,Correct,capability + positive label
CONCERN_ACA_1649,Understanding Concepts,Conceptual Clarity,Capability,0.92,positive,Correct,capability + positive label
CONCERN_THI_1672,Adapting to New Learning Methods,Adaptability,Capability,0.92,positive,Correct,capability + positive label
CONCERN_SEL_1597,recognizing conceptual understanding gaps,False Mastery Illusion,Capability,0.7,neutral,Questionable,capability but label neutral
CONCERN_CLA_1706,Academic Planning Skills,Academic Planning,Capability,0.92,positive,Correct,capability + positive label
CONCERN_CON_629,Strategic Thinking Under Pressure,Pressure-Induced Tactical Thinking,Capability,0.92,negative,Incorrect,capability but label reads negative (likely Problem)
CONCERN_FOU_2083,Academic Curiosity Beyond Textbooks,Curiosity Limitation,Capability,0.7,positive,Correct,capability + positive label
CONCERN_SEL_1481,communication during presentations and interviews,Communication Ineffectiveness,Capability,0.7,neutral,Questionable,capability but label neutral
CONCERN_DIS_2121,Students with Attention Instability,Attention Instability Management,Capability,0.92,negative,Incorrect,capability but label reads negative (likely Problem)
CONCERN_COM_1684,Multiple Subjects,Subject Management,Capability,0.92,neutral,Questionable,capability but label neutral
CONCERN_LEA_1671,Decision-Making Skills,Decision Making,Capability,0.55,positive,Correct,capability + positive label
CONCERN_EXA_2077,Curiosity in Rigid Academic Systems,Curiosity Suppression Under Structure,Capability,0.7,positive,Correct,capability + positive label
CONCERN_ACA_1728,Scientific Observation Skills,Observation Skills,Capability,0.92,positive,Correct,capability + positive label
CONCERN_COM_1690,Solving Higher-Order Questions,Higher-Order Thinking,Capability,0.92,neutral,Questionable,capability but label neutral
CONCERN_IDE_1578,evaluating personal career readiness,Readiness Uncertainty,Capability,0.7,positive,Correct,capability + positive label
CONCERN_MOT_2128,Handling Students with Weak Retention Ability,Retention Weakness Management,Capability,0.92,negative,Incorrect,capability but label reads negative (likely Problem)
CONCERN_LIF_338,Applying Skills Without Validation,Validation Dependency in Skill Application,Capability,0.7,positive,Correct,capability + positive label
CONCERN_MOT_2124,Managing Students with Exam Anxiety,Exam Anxiety Management,Capability,0.92,negative,Incorrect,capability but label reads negative (likely Problem)
CONCERN_LEA_843,Emotional Disconnection from Work Meaning,Leadership Meaning Crisis,Capability,0.7,neutral,Questionable,capability but label neutral
CONCERN_MOT_2464,Managing Students with Weak Understanding of Exam Expectations,Exam Expectation Misunderstanding,Capability,0.55,negative,Incorrect,capability but label reads negative (likely Problem)
CONCERN_COG_1592,awareness about effective revision methods,Revision Inefficiency,Capability,0.55,positive,Correct,capability + positive label
CONCERN_REF_1543,adaptability during life transitions,Adaptability Limitation,Capability,0.7,positive,Correct,capability + positive label
CONCERN_MOT_1828,Hyper-Competitive Mindset,Excessive Competition,Capability,0.55,neutral,Questionable,capability but label neutral
CONCERN_DIS_1659,Time Management,Time Management,Capability,0.92,neutral,Questionable,capability but label neutral
CONCERN_THI_331,Focus on Long-Term Competency Goals,Competency Goal Drift,Capability,0.7,positive,Correct,capability + positive label
CONCERN_ACA_1664,Revising Effectively,Revision Effectiveness,Capability,0.92,neutral,Questionable,capability but label neutral
CONCERN_ACA_1698,Mathematical Reasoning,Mathematical Reasoning,Capability,0.92,neutral,Questionable,capability but label neutral
CONCERN_REC_1550,curiosity about self-development,Growth Apathy,Capability,0.55,positive,Correct,capability + positive label
CONCERN_CON_1693,Feedback from Teachers,Feedback Adaptability,Capability,0.92,neutral,Questionable,capability but label neutral
CONCERN_FOU_1797,Independent Thinking,Dependent Thinking,Capability,0.92,positive,Correct,capability + positive label
CONCERN_FUT_1612,adaptability to different teaching styles,Adaptability Limitation,Capability,0.7,positive,Correct,capability + positive label
CONCERN_PER_1495,ethical leadership orientation,Ethical Drift,Capability,0.55,positive,Correct,capability + positive label
CONCERN_DIS_1660,Study Discipline,Study Discipline,Capability,0.92,positive,Correct,capability + positive label
CONCERN_EXA_2139,Student Comparison Culture,Comparison Culture Management,Capability,0.92,neutral,Questionable,capability but label neutral
CONCERN_THI_1652,Academic Confidence,Confidence & Self-Belief,Capability,0.7,positive,Correct,capability + positive label
CONCERN_THI_1691,Listening Skills in Classroom,Listening Skills,Capability,0.92,positive,Correct,capability + positive label
CONCERN_INT_1723,Curiosity in STEM Learning,STEM Curiosity,Capability,0.92,positive,Correct,capability + positive label
CONCERN_LEA_1419,adaptability to changing expectations,Adaptability Challenges,Capability,0.7,positive,Correct,capability + positive label
CONCERN_ACA_1726,Numerical Fluency,Numerical Fluency,Capability,0.92,positive,Correct,capability + positive label
CONCERN_SEL_2166,Encouraging Deep Learning Over Memorization,Memorization Dependency Management,Capability,0.92,neutral,Questionable,capability but label neutral
CONCERN_EXA_1755,Resilience,Low Resilience,Capability,0.92,positive,Correct,capability + positive label
CONCERN_ACA_1708,Maintain Revision Schedules,Revision Discipline,Capability,0.92,neutral,Questionable,capability but label neutral
CONCERN_ACA_1699,Understanding Science Concepts,Scientific Understanding,Capability,0.92,positive,Correct,capability + positive label
CONCERN_COM_1692,Self-Learning Confidence,Self-Learning Confidence,Capability,0.92,positive,Correct,capability + positive label
CONCERN_ANA_1720,Understanding Abstract Concepts,Abstract Thinking,Capability,0.92,positive,Correct,capability + positive label
CONCERN_ACA_1348,concentration during classes,Attention Management,Capability,0.92,neutral,Questionable,capability but label neutral
CONCERN_LEA_1673,Digital Learning Discipline,Digital Discipline,Capability,0.92,positive,Correct,capability + positive label
CONCERN_EMO_732,Build Ownership Beyond Assigned Tasks,Limited Ownership Mindset,Capability,0.92,positive,Correct,capability + positive label
CONCERN_EXA_1666,Exam Preparation Strategy,Exam Planning,Capability,0.92,neutral,Questionable,capability but label neutral
CONCERN_MOT_1681,Critical Thinking Skills,Critical Thinking,Capability,0.92,positive,Correct,capability + positive label
CONCERN_DIS_1680,Curiosity Towards Learning,Learning Curiosity,Capability,0.92,positive,Correct,capability + positive label
CONCERN_MOT_1963,Academic Persistence,Low Persistence,Capability,0.92,positive,Correct,capability + positive label
CONCERN_ACA_1651,Analytical Thinking,Critical Thinking,Capability,0.92,neutral,Questionable,capability but label neutral
CONCERN_INT_2158,Emotionally Reactive Students,Emotional Reactivity Management,Capability,0.92,neutral,Questionable,capability but label neutral
CONCERN_COG_1370,adaptation to online or blended learning,Adaptability Challenge,Capability,0.7,neutral,Questionable,capability but label neutral
CONCERN_COM_2170,Student Anxiety During Result Seasons,Result Anxiety Management,Capability,0.92,negative,Incorrect,capability but label reads negative (likely Problem)
CONCERN_EXA_1696,Academic Direction and Goal Clarity,Academic Direction,Capability,0.55,positive,Correct,capability + positive label
CONCERN_IDE_1508,curiosity about self-growth,Growth Apathy,Capability,0.55,positive,Correct,capability + positive label
CONCERN_SEL_1620,confidence despite strong capability,Confidence Distortion,Capability,0.7,positive,Correct,capability + positive label
CONCERN_CON_307,Curiosity During Long Learning Cycles,Curiosity Decline During Learning,Capability,0.7,positive,Correct,capability + positive label
CONCERN_EXA_2028,Subject-Wise Confidence Balance,Uneven Subject Confidence,Capability,0.92,positive,Correct,capability + positive label
CONCERN_ADJ_1689,Concept Application Skills,Concept Application,Capability,0.55,positive,Correct,capability + positive label
CONCERN_EXA_1683,Presentation Skills,Presentation Ability,Capability,0.55,positive,Correct,capability + positive label
CONCERN_SOC_1555,clarity about future personal identity,Future Identity Blur,Capability,0.55,positive,Correct,capability + positive label
CONCERN_FOU_1711,Diagrammatic Representation Skills,Diagrammatic Expression,Capability,0.92,positive,Correct,capability + positive label
CONCERN_ANA_1719,Verbal Reasoning Skills,Verbal Reasoning,Capability,0.92,positive,Correct,capability + positive label
CONCERN_CAR_1399,awareness about vocational careers,Vocational Bias,Capability,0.55,positive,Correct,capability + positive label
CONCERN_DIS_2162,Students with Low Academic Confidence in STEM,STEM Anxiety Management,Capability,0.92,positive,Correct,capability + positive label
CONCERN_STU_1373,balancing academics and extracurriculars,Balance Management,Capability,0.92,neutral,Questionable,capability but label neutral
CONCERN_SOC_2143,Digitally Distracted Students,Digital Distraction Management,Capability,0.92,negative,Incorrect,capability but label reads negative (likely Problem)
CONCERN_SOC_1694,Consistency in Homework Completion,Homework Discipline,Capability,0.92,positive,Correct,capability + positive label
CONCERN_ACA_2132,Managing Students with Fear of Failure,Failure Anxiety Management,Capability,0.92,negative,Incorrect,capability but label reads negative (likely Problem)
CONCERN_CLA_2116,Handling Students with Weak Foundational Skills,Foundational Deficit Management,Capability,0.92,negative,Incorrect,capability but label reads negative (likely Problem)
CONCERN_ACA_1721,Interpretation Skills,Interpretation Ability,Capability,0.55,positive,Correct,capability + positive label
CONCERN_ACA_1657,Writing Skills,Written Communication,Capability,0.92,positive,Correct,capability + positive label
CONCERN_MOT_1679,Prioritizing Tasks,Prioritization Skills,Capability,0.92,neutral,Questionable,capability but label neutral
CONCERN_STU_1367,confidence during viva and presentations,Confidence Barrier,Capability,0.7,positive,Correct,capability + positive label
CONCERN_SOC_1670,Leadership Initiative,Leadership Potential,Capability,0.7,positive,Correct,capability + positive label
CONCERN_DIS_1695,Academic Expectations,Expectation Management,Capability,0.92,neutral,Questionable,capability but label neutral
CONCERN_THI_2275,Students with Weak Academic Curiosity in Higher Grades,Curiosity Decline in Senior Grades,Capability,0.7,negative,Incorrect,capability but label reads negative (likely Problem)
CONCERN_CON_1654,Expressing Answers Verbally,Verbal Communication,Capability,0.92,neutral,Questionable,capability but label neutral
CONCERN_COM_1718,Aptitude in Quantitative Reasoning,Quantitative Aptitude,Capability,0.55,neutral,Questionable,capability but label neutral
CONCERN_EMO_1472,initiative-taking behavior,Passive Leadership Style,Capability,0.7,neutral,Questionable,capability but label neutral
CONCERN_COL_2148,Managing Students with Low Learning Persistence,Persistence Weakness Management,Capability,0.92,positive,Correct,capability + positive label
CONCERN_CON_2145,Student Stress Before Exams,Pre-Exam Stress Management,Capability,0.92,negative,Incorrect,capability but label reads negative (likely Problem)
CONCERN_COM_1655,Communication Skills,Communication Ability,Capability,0.7,positive,Correct,capability + positive label
CONCERN_CLA_1669,Working in Teams,Team Collaboration,Capability,0.92,neutral,Questionable,capability but label neutral
CONCERN_FOU_2136,Managing Students with Emotional Instability,Emotional Instability Management,Capability,0.92,negative,Incorrect,capability but label reads negative (likely Problem)
CONCERN_SEL_1595,self-confidence despite competency,Confidence Distortion,Capability,0.7,positive,Correct,capability + positive label
CONCERN_HOL_1347,Declining academic performance despite effort,Learning Effectiveness,Capability,0.92,negative,Incorrect,capability but label reads negative (likely Problem)
CONCERN_THI_193,Emotional Isolation from Friends & Family,Competitive Isolation Stress,Problem,0.92,neutral,Correct,neutral label but strong problem category suffix
CONCERN_SOC_1880,Healthy Friendships,Unhealthy Social Connections,Problem,0.4,positive,Questionable,problem but label reads positive
CONCERN_THI_2138,Supporting Students During Academic Burnout,Burnout Management Difficulty,Problem,0.92,negative,Correct,problem + negative label
CONCERN_EXA_199,Sustaining Hope During Long Competitive Journeys,Hope Sustainability Weakness,Problem,0.92,neutral,Correct,neutral label but strong problem category suffix
CONCERN_STR_1560,Career interests changing frequently,Aspirational Instability,Problem,0.92,neutral,Correct,neutral label but strong problem category suffix
CONCERN_COM_2004,Focus During Long Exams,Long-Exam Attention Deficit,Problem,0.92,positive,Questionable,problem but label reads positive
CONCERN_LEA_1043,Balancing Immediate Survival Needs with Long-Term Reinvention,Survival-vs-Growth Conflict,Problem,0.92,neutral,Correct,neutral label but strong problem category suffix
CONCERN_SEL_1551,Identity confusion during adolescence,Identity Instability,Problem,0.92,negative,Correct,problem + negative label
CONCERN_ACA_175,Building Confidence in Personal Preparation Style,Preparation Style Insecurity,Problem,0.92,positive,Incorrect,positive capability-framed label (capability gap)
CONCERN_MOT_1040,Adapt Personal Branding Across Professional Ecosystems,Cross-Ecosystem Branding Weakness,Problem,0.92,positive,Questionable,problem but label reads positive
CONCERN_EMP_69,Building Consistent Coding Discipline,Coding Consistency Weakness,Problem,0.92,positive,Incorrect,positive capability-framed label (capability gap)
CONCERN_ADA_1420,balance academics and personal life,Balance Deficit,Problem,0.92,positive,Questionable,problem but label reads positive
CONCERN_ACC_1639,reflection on communication and relationships,Social Awareness Gap,Problem,0.92,neutral,Correct,neutral label but strong problem category suffix
CONCERN_DIS_2473,Study Motivation,Study Motivation Instability,Problem,0.92,positive,Questionable,problem but label reads positive
CONCERN_WOR_985,Balancing Existing Responsibilities with Career Reinvention,Reinvention Overload,Problem,0.92,neutral,Correct,neutral label but strong problem category suffix
CONCERN_EXA_1856,Gratitude,Gratitude Deficit,Problem,0.92,neutral,Correct,neutral label but strong problem category suffix
CONCERN_LIF_426,Build Professional Credibility Early,Early Credibility Weakness,Problem,0.92,positive,Incorrect,positive capability-framed label (capability gap)
CONCERN_COM_2203,Supporting Students with Poor Academic Self-Belief,Academic Self-Belief Weakness,Problem,0.92,negative,Correct,problem + negative label
CONCERN_COL_768,Build Leadership Presence,Leadership Presence Deficit,Problem,0.92,positive,Incorrect,positive capability-framed label (capability gap)
CONCERN_ACA_347,Building Confidence Across Multiple Competency Areas,Cross-Competency Confidence Imbalance,Problem,0.92,positive,Incorrect,positive capability-framed label (capability gap)
CONCERN_ACA_2156,Students with Poor Revision Habits,Revision Discipline Deficit,Problem,0.92,negative,Correct,problem + negative label
CONCERN_COM_225,Conflicting Career Advice,Conflicting Guidance Stress,Problem,0.92,neutral,Correct,neutral label but strong problem category suffix
CONCERN_ACA_2430,Balancing Passion and Practical Career Choices,Passion-Practicality Conflict,Problem,0.92,neutral,Correct,neutral label but strong problem category suffix
CONCERN_CAR_235,Social Comparison in Career Choices,Career Comparison Stress,Problem,0.92,neutral,Correct,neutral label but strong problem category suffix
CONCERN_COM_2453,Helping Students Sustain Focus During Long Lectures,Lecture Attention Instability,Problem,0.92,positive,Questionable,problem but label reads positive
CONCERN_LEA_604,Handling Workplace Uncertainty,Workplace Uncertainty Anxiety,Problem,0.92,neutral,Correct,neutral label but strong problem category suffix
CONCERN_CAR_71,Building Emotional Independence from Peer Success,Peer Success Comparison Anxiety,Problem,0.92,positive,Incorrect,positive capability-framed label (capability gap)
CONCERN_EMO_532,Awareness of Role-Industry Fitment,Role-Industry Misalignment,Problem,0.92,positive,Incorrect,positive capability-framed label (capability gap)
CONCERN_EMO_1106,Build Long-Term Professional Confidence,Professional Confidence Instability,Problem,0.92,positive,Incorrect,positive capability-framed label (capability gap)
CONCERN_FIN_449,Emotional Balance During Career Uncertainty,Career Uncertainty Emotional Instability,Problem,0.92,positive,Questionable,problem but label reads positive
CONCERN_ACA_326,Balance Depth and Breadth in Learning,Depth-Breadth Imbalance,Problem,0.92,positive,Questionable,problem but label reads positive
CONCERN_GRO_1529,Confusion about long-term personal trajectory,Direction Ambiguity,Problem,0.92,negative,Correct,problem + negative label
CONCERN_CON_300,Long-Term Ownership of Personal Development,Personal Growth Ownership Deficit,Problem,0.92,positive,Incorrect,positive capability-framed label (capability gap)
CONCERN_STR_803,Emotional Isolation in Leadership Roles,Leadership Isolation Anxiety,Problem,0.92,positive,Incorrect,positive capability-framed label (capability gap)
CONCERN_EXA_2465,Helping Students Build Sustainable Academic Habits,Sustainable Discipline Weakness,Problem,0.92,positive,Incorrect,positive capability-framed label (capability gap)
CONCERN_COM_415,Understanding Corporate Hierarchies and Dynamics,Corporate Hierarchy Awareness Gap,Problem,0.92,positive,Incorrect,positive capability-framed label (capability gap)
CONCERN_EMO_1248,Measure Institutional Applied Learning Effectiveness,Applied Competency Visibility Deficit,Problem,0.92,positive,Questionable,problem but label reads positive
CONCERN_FOU_2167,Supporting Students with Weak Academic Recovery Skills,Academic Recovery Weakness,Problem,0.92,negative,Correct,problem + negative label
CONCERN_ASS_1272,Measure Student Participation Equity,Participation Equity Blindness,Problem,0.92,neutral,Correct,neutral label but strong problem category suffix
CONCERN_LEA_849,Emotional Stress from Organizational Accountability,Organizational Accountability Stress,Problem,0.92,negative,Correct,problem + negative label
CONCERN_COM_2047,Adapting to Different Teaching Styles,Teaching Adaptation Difficulty,Problem,0.92,positive,Questionable,problem but label reads positive
CONCERN_LON_1467,self-confidence during public speaking,Confidence Deficit,Problem,0.92,positive,Questionable,problem but label reads positive
CONCERN_ADA_1300,Visibility into Student Recovery After Academic Failure,Recovery Visibility Deficit,Problem,0.92,neutral,Correct,neutral label but strong problem category suffix
CONCERN_DIS_2010,Follow-Through on Academic Commitments,Commitment Instability,Problem,0.92,neutral,Correct,neutral label but strong problem category suffix
CONCERN_STR_1486,authority and responsibility together,Authority Imbalance,Problem,0.92,neutral,Correct,neutral label but strong problem category suffix
CONCERN_ACA_1377,career clarity after Class 10/12,Career Ambiguity,Problem,0.92,positive,Incorrect,positive capability-framed label (capability gap)
CONCERN_EXA_1915,Child Showing Reduced Tolerance for Frustration,Frustration Intolerance,Problem,0.92,negative,Correct,problem + negative label
CONCERN_CON_549,Stress During Background Verification Processes,Background Verification Anxiety,Problem,0.92,negative,Correct,problem + negative label
CONCERN_EMO_676,Participating During Meetings,Meeting Participation Anxiety,Problem,0.92,neutral,Correct,neutral label but strong problem category suffix
CONCERN_EXA_1760,Purpose & Direction,Identity Confusion,Problem,0.92,neutral,Correct,neutral label but strong problem category suffix
CONCERN_CAR_523,Emotional Uncertainty During Career Pivots,Career Pivot Emotional Instability,Problem,0.92,neutral,Correct,neutral label but strong problem category suffix
CONCERN_SOC_1418,initiative and proactive behaviour,Initiative Deficiency,Problem,0.92,positive,Questionable,problem but label reads positive
CONCERN_SOC_874,Leading Through Organizational Uncertainty,Uncertainty Leadership Anxiety,Problem,0.92,neutral,Correct,neutral label but strong problem category suffix
CONCERN_WOR_1007,Emotional Conflict Between Passion and Stability,Passion-Stability Conflict,Problem,0.92,negative,Correct,problem + negative label
CONCERN_ACA_471,Age-Based Hiring Competition,Age Competitiveness Anxiety,Problem,0.92,neutral,Correct,neutral label but strong problem category suffix
CONCERN_EXA_108,Retention of Previously Learned Concepts,Retention Instability,Problem,0.92,neutral,Correct,neutral label but strong problem category suffix
CONCERN_EMO_890,Driving Enterprise-Wide Strategic Alignment,Enterprise Alignment Anxiety,Problem,0.92,neutral,Correct,neutral label but strong problem category suffix
CONCERN_CAR_759,Sustaining Emotional Stability During Workplace Uncertainty,Workplace Instability Anxiety,Problem,0.92,neutral,Correct,neutral label but strong problem category suffix
CONCERN_THI_2250,Supporting Students with Weak Question Interpretation Skills,Question Interpretation Weakness,Problem,0.92,negative,Correct,problem + negative label
CONCERN_FOU_2102,Accuracy in Objective-Type Exams,Objective Accuracy Deficit,Problem,0.92,neutral,Correct,neutral label but strong problem category suffix
CONCERN_CON_143,Consistent Mock Test Discipline,Mock Test Inconsistency,Problem,0.92,positive,Incorrect,positive capability-framed label (capability gap)
CONCERN_LIF_774,Influencing Senior Stakeholders,Senior Stakeholder Anxiety,Problem,0.92,neutral,Correct,neutral label but strong problem category suffix
CONCERN_INT_2037,Retaining Formula-Based Concepts,Formula Retention Difficulty,Problem,0.92,neutral,Correct,neutral label but strong problem category suffix
CONCERN_COM_2188,Supporting Students with Weak Diagrammatic Understanding,Diagrammatic Interpretation Weakness,Problem,0.92,negative,Correct,problem + negative label
CONCERN_MOT_272,Transfer Skills Across Domains,Skill Transferability Weakness,Problem,0.92,positive,Incorrect,positive capability-framed label (capability gap)
CONCERN_CAR_217,Anxiety About Future Stability,Future Stability Anxiety,Problem,0.92,negative,Correct,problem + negative label
CONCERN_CAR_374,Networking Confidence During Career Events,Networking Interaction Anxiety,Problem,0.92,positive,Questionable,problem but label reads positive
CONCERN_ACA_2432,Curiosity About Future Career Possibilities,Career Curiosity Deficit,Problem,0.92,positive,Incorrect,positive capability-framed label (capability gap)
CONCERN_MOT_2399,Students Losing Interest After Initial Enthusiasm,Motivation Drop-Off,Problem,0.4,negative,Correct,problem + negative label
CONCERN_MOT_190,Filter Useful Resources from Noise,Resource Filtering Weakness,Problem,0.92,neutral,Correct,neutral label but strong problem category suffix
CONCERN_CON_1791,Over-Scheduling & Lack of Rest,Schedule Overload,Problem,0.92,negative,Correct,problem + negative label
CONCERN_LEA_2059,Simultaneous Exam Preparation,Multi-Exam Overload,Problem,0.92,neutral,Correct,neutral label but strong problem category suffix
CONCERN_HAB_1629,Comparing personal progress unfairly with peers,Comparison Anxiety,Problem,0.92,neutral,Correct,neutral label but strong problem category suffix
CONCERN_EXA_2476,Fast-Paced Teaching,Fast-Paced Learning Difficulty,Problem,0.92,neutral,Correct,neutral label but strong problem category suffix
CONCERN_SEL_1498,identify personal interests,Interest Ambiguity,Problem,0.92,neutral,Correct,neutral label but strong problem category suffix
CONCERN_EMO_564,Prioritize Competing Responsibilities,Task Prioritization Weakness,Problem,0.92,positive,Questionable,problem but label reads positive
CONCERN_DIS_2403,Daily Academic Planning Habits,Daily Planning Weakness,Problem,0.92,positive,Incorrect,positive capability-framed label (capability gap)
CONCERN_CLA_1956,Collaboration Skills,Teamwork Deficit,Problem,0.92,positive,Incorrect,positive capability-framed label (capability gap)
CONCERN_STR_922,Build Cross-Business Strategic Alignment,Cross-Business Alignment Weakness,Problem,0.92,positive,Incorrect,positive capability-framed label (capability gap)
CONCERN_EMP_31,Building Long-Term Career Vision,Long-Term Career Ambiguity,Problem,0.92,positive,Incorrect,positive capability-framed label (capability gap)
CONCERN_COM_725,Understanding Unwritten Workplace Expectations,Unwritten Rule Confusion,Problem,0.92,positive,Incorrect,positive capability-framed label (capability gap)
CONCERN_DIS_163,Emotional Pressure from Social Media Toppers,Topper Comparison Anxiety,Problem,0.92,negative,Correct,problem + negative label
CONCERN_DIS_2093,Curiosity in Practical Learning,Practical Curiosity Deficit,Problem,0.92,positive,Incorrect,positive capability-framed label (capability gap)
CONCERN_MAT_1423,long-term personal vision,Directionless Growth,Problem,0.4,positive,Incorrect,positive capability-framed label (capability gap)
CONCERN_MOT_2474,Adaptability to Academic Changes,Academic Adaptability Weakness,Problem,0.92,positive,Incorrect,positive capability-framed label (capability gap)
CONCERN_EMP_526,Showcase Adaptability During Interviews,Adaptability Communication Weakness,Problem,0.92,positive,Incorrect,positive capability-framed label (capability gap)
CONCERN_FUT_1402,Students lacking portfolio and profile development,Profile Weakness,Problem,0.92,negative,Correct,problem + negative label
CONCERN_EXA_2463,Supporting Students with Weak Academic Initiative,Academic Initiative Deficit,Problem,0.92,negative,Correct,problem + negative label
CONCERN_ACA_1108,Managing Difficult Professional Conversations,Difficult Conversation Anxiety,Problem,0.92,negative,Correct,problem + negative label
CONCERN_MOT_978,Handling New Workplace Expectations,New Industry Expectation Anxiety,Problem,0.92,neutral,Correct,neutral label but strong problem category suffix
CONCERN_BEH_1534,clarity about intrinsic motivations,Motivation Disconnect,Problem,0.92,positive,Incorrect,positive capability-framed label (capability gap)
CONCERN_STR_854,Reinventing Leadership Identity Mid-Career,Leadership Reinvention Anxiety,Problem,0.92,positive,Incorrect,positive capability-framed label (capability gap)
CONCERN_LIF_1882,Child Obsessing Over Appearance,Appearance Obsession,Problem,0.4,neutral,Questionable,"problem but label neutral, weak category signal"
CONCERN_CAR_202,Stream Selection Decisions,Stream Decision Anxiety,Problem,0.92,neutral,Correct,neutral label but strong problem category suffix
CONCERN_EMO_1536,understanding of emotional triggers,Emotional Trigger Blindness,Problem,0.92,positive,Incorrect,positive capability-framed label (capability gap)
CONCERN_EXA_2195,Helping Students Handle Time-Bound Assessments,Time-Bound Assessment Difficulty,Problem,0.92,neutral,Correct,neutral label but strong problem category suffix
CONCERN_ACA_730,Build Strategic Workplace Relationships,Strategic Relationship Weakness,Problem,0.92,positive,Incorrect,positive capability-framed label (capability gap)
CONCERN_SEL_2150,Supporting Students with Weak Real-World Application Skills,Real-World Application Gap,Problem,0.92,negative,Correct,problem + negative label
CONCERN_SKI_262,Consistency in Daily Skill Practice,Skill Practice Inconsistency,Problem,0.92,positive,Incorrect,positive capability-framed label (capability gap)
CONCERN_EMO_397,Understanding Employer Expectations Beyond Academics,Employer Expectation Awareness Gap,Problem,0.92,positive,Incorrect,positive capability-framed label (capability gap)
CONCERN_CON_960,"Holistic Integration of Strategy, Leadership, Organizational Influence, and Wellbeing",Enterprise Leadership Fragmentation,Behavior,0.92,positive,Correct,action-pattern term present
CONCERN_ACA_1763,Exam Panic Attacks,Panic Reactivity,Behavior,0.92,negative,Correct,action-pattern term present
CONCERN_BEH_1449,emotional control during feedback,Feedback Resistance,Behavior,0.92,neutral,Correct,action-pattern term present
CONCERN_ACA_1761,Homework Avoidance,Task Avoidance,Behavior,0.92,negative,Correct,action-pattern term present
CONCERN_CAP_1422,Fear of taking responsibility,Responsibility Avoidance,Behavior,0.92,negative,Correct,action-pattern term present
CONCERN_ACA_1366,Digital addiction reducing study efficiency,Digital Distraction,Behavior,0.92,neutral,Correct,action-pattern term present
CONCERN_CON_2118,Managing Students Who Avoid Asking Doubts,Doubt Avoidance,Behavior,0.92,negative,Correct,action-pattern term present
CONCERN_ACA_1793,Refusal to Attend School,School Avoidance,Behavior,0.92,neutral,Correct,action-pattern term present
CONCERN_SEL_1452,Avoidance of challenging tasks,Challenge Avoidance,Behavior,0.92,negative,Correct,action-pattern term present
CONCERN_CON_1107,Focus During Digital Distractions,Digital Attention Fragmentation,Behavior,0.92,positive,Correct,action-pattern term present
CONCERN_MOT_1811,Child Avoiding Challenges,Challenge Avoidance,Behavior,0.92,negative,Correct,action-pattern term present
CONCERN_PRO_1635,Fear of self-reflection due to insecurity,Reflection Avoidance,Behavior,0.92,negative,Correct,action-pattern term present
CONCERN_SOC_2386,Students Avoiding Leadership Roles in Group Work,Leadership Avoidance,Behavior,0.92,negative,Correct,action-pattern term present
CONCERN_CAR_1346,"Holistic Integration of Employability, Emotional Stability, Career Direction, and Workplace Readiness",Career Readiness Ecosystem Fragmentation,Behavior,0.92,positive,Correct,action-pattern term present
CONCERN_ACA_1280,"Holistic Integration Between Curriculum Delivery, Learning Quality, Engagement, and Competency Outcomes",Academic Delivery Ecosystem Fragmentation,Behavior,0.92,positive,Correct,action-pattern term present
CONCERN_COM_1787,Child Becoming Too Introverted,Social Withdrawal,Behavior,0.92,neutral,Correct,action-pattern term present
CONCERN_EXA_1748,Social Isolation,Social Withdrawal,Behavior,0.92,neutral,Correct,action-pattern term present
CONCERN_EXA_1845,Conflict Resolution Skills,Conflict Avoidance,Behavior,0.92,neutral,Correct,action-pattern term present
CONCERN_DEC_1470,confidence in peer interactions,Social Hesitation,Behavior,0.92,positive,Correct,action-pattern term present
CONCERN_SOC_2321,Child Overthinking Academic Outcomes Constantly,Academic Overthinking,Behavior,0.92,negative,Correct,action-pattern term present
CONCERN_ACA_1439,Excessive procrastination before exams,Avoidance Behavior,Behavior,0.7,negative,Correct,action-pattern term present
CONCERN_ADJ_2327,Child Avoiding Difficult Subjects Repeatedly,Subject Avoidance Behavior,Behavior,0.7,negative,Correct,action-pattern term present
CONCERN_SEL_1540,Underestimating capabilities due to comparison,Inferiority Conditioning,Behavior,0.55,positive,Correct,action-pattern term present
CONCERN_COG_1532,self-confidence despite capability,Confidence Suppression,Behavior,0.92,positive,Correct,action-pattern term present
CONCERN_EMO_980,Holistic Readiness for Cross-Industry Career Reinvention,Career Transition Fragmentation,Behavior,0.92,positive,Correct,action-pattern term present
CONCERN_LEA_1603,curiosity-driven self-learning,Curiosity Suppression,Behavior,0.92,positive,Correct,action-pattern term present
CONCERN_CAR_1580,Feeling disconnected from chosen academic path,Pathway Disengagement,Behavior,0.92,neutral,Correct,action-pattern term present
CONCERN_LEA_2206,Handling Students Who Avoid Competitive Opportunities,Competitive Avoidance,Behavior,0.92,negative,Correct,action-pattern term present
CONCERN_THI_1798,Fear of Taking Risks,Risk Avoidance,Behavior,0.92,negative,Correct,action-pattern term present
CONCERN_ACA_1869,Child Pretending to Study,Academic Avoidance,Behavior,0.92,neutral,Correct,action-pattern term present
CONCERN_ACA_1906,Child Becoming Hyper-Reactive to Feedback,Feedback Reactivity,Behavior,0.92,neutral,Correct,action-pattern term present
CONCERN_LIF_1792,Child Losing Interest in Studies,Academic Disengagement,Behavior,0.92,negative,Correct,action-pattern term present
CONCERN_LIF_1740,Emotional Withdrawal,Emotional Isolation,Behavior,0.55,negative,Correct,action-pattern term present
CONCERN_THI_2186,Handling Students Who Panic During Exams,Exam Panic Reactivity,Behavior,0.92,negative,Correct,action-pattern term present
CONCERN_HOL_781,Emotional Resistance During Leadership Transitions,Leadership Identity Resistance,Behavior,0.92,positive,Correct,action-pattern term present
CONCERN_THI_2355,Students Showing High Stress Reactivity Before Exams,Pre-Exam Stress Reactivity,Behavior,0.92,negative,Correct,action-pattern term present
CONCERN_LEA_579,Focus in Meeting-Heavy Environments,Attention Fragmentation,Behavior,0.92,positive,Correct,action-pattern term present
CONCERN_FOU_1766,Reduced Attention Span,Attention Fragmentation,Behavior,0.92,neutral,Correct,action-pattern term present
CONCERN_COM_1220,"Holistic Integration Between Learning Quality, Emotional Safety, Institutional Culture, and Future Readiness",Institutional Competency Ecosystem Fragmentation,Behavior,0.92,positive,Correct,action-pattern term present
CONCERN_ACA_1376,Fear of failure leading to academic avoidance,Failure Avoidance,Behavior,0.92,negative,Correct,action-pattern term present
CONCERN_MOT_1535,Fear of acknowledging weaknesses,Weakness Avoidance,Behavior,0.92,negative,Correct,action-pattern term present
CONCERN_ACA_1913,Child Losing Interest in Long-Term Goals,Long-Term Goal Disengagement,Behavior,0.92,negative,Correct,action-pattern term present
CONCERN_HEL_2304,Child Avoiding Teacher Guidance Due to Fear,Guidance Avoidance,Behavior,0.92,negative,Correct,action-pattern term present
CONCERN_EXA_2333,Child Avoiding Social Participation Due to Low Confidence,Social Participation Avoidance,Behavior,0.92,negative,Correct,action-pattern term present
CONCERN_EXA_1871,Child Avoiding Competitive Environments,Competitive Avoidance,Behavior,0.92,negative,Correct,action-pattern term present
CONCERN_ADJ_1788,Child Becoming Aggressively Reactive,Aggressive Reactivity,Behavior,0.92,neutral,Correct,action-pattern term present
CONCERN_DEC_1385,confidence in non-traditional careers,Alternative Career Resistance,Behavior,0.92,positive,Correct,action-pattern term present
CONCERN_ACA_2211,Students Who Avoid Clarifying Doubts,Doubt Clarification Avoidance,Behavior,0.92,negative,Correct,action-pattern term present
CONCERN_COM_1018,Integrate Past Experience with Future Career Vision,Career Narrative Fragmentation,Behavior,0.92,positive,Correct,action-pattern term present
CONCERN_LIF_1180,Holistic Visibility into School-Wide Competency Ecosystems,School-Wide Competency Fragmentation,Behavior,0.92,positive,Correct,action-pattern term present
CONCERN_THI_1814,Adapting to Change,Change Resistance,Behavior,0.92,positive,Correct,action-pattern term present
CONCERN_LIF_1100,"Holistic Alignment Between Productivity, Growth, and Emotional Wellbeing",Professional Ecosystem Fragmentation,Behavior,0.92,positive,Correct,action-pattern term present
CONCERN_LIF_1454,curiosity-driven engagement,Curiosity Suppression,Behavior,0.92,positive,Correct,action-pattern term present
CONCERN_SOC_2384,Students Overreacting to Minor Academic Setbacks,Minor Setback Reactivity,Behavior,0.92,neutral,Correct,action-pattern term present
CONCERN_CON_148,Handle Exam-Day Surprises Calmly,Exam Surprise Reactivity,Behavior,0.92,neutral,Correct,action-pattern term present
CONCERN_COM_2197,Students Who Avoid Group Work,Group Participation Avoidance,Behavior,0.92,negative,Correct,action-pattern term present
CONCERN_SOC_2381,Students Becoming Socially Withdrawn After Failure,Failure-Induced Social Withdrawal,Behavior,0.92,negative,Correct,action-pattern term present
CONCERN_DIS_2404,Students Procrastinating Until Deadlines,Academic Procrastination,Behavior,0.92,neutral,Correct,action-pattern term present
CONCERN_WOR_900,"Holistic Alignment Between Strategic Leadership, Influence, and Wellbeing",Strategic Leadership Fragmentation,Behavior,0.92,positive,Correct,action-pattern term present
CONCERN_EMO_1316,"Holistic Integration of Academic Progress, Emotional Wellbeing, Intervention Effectiveness, and Future Readiness",Student Success Intelligence Fragmentation,Behavior,0.92,positive,Correct,action-pattern term present
CONCERN_EXA_1747,Anger & Irritability,Emotional Reactivity,Behavior,0.92,negative,Correct,action-pattern term present
CONCERN_DIS_126,Emotional Control During Negative Feedback,Feedback Reactivity,Behavior,0.92,neutral,Correct,action-pattern term present
CONCERN_CON_860,"Holistic Integration of Leadership, Purpose, and Enterprise Growth",Enterprise Leadership Fragmentation,Behavior,0.92,positive,Correct,action-pattern term present
CONCERN_EXA_1916,Child Becoming Emotionally Aggressive Online,Online Aggression,Behavior,0.92,negative,Correct,action-pattern term present
CONCERN_ACA_1897,Child Avoiding Responsibility for Mistakes,Responsibility Avoidance,Behavior,0.92,negative,Correct,action-pattern term present
CONCERN_BEH_1512,Fear of failure preventing self-exploration,Failure Avoidance,Behavior,0.92,negative,Correct,action-pattern term present
CONCERN_ACA_1926,Child Becoming Emotionally Detached During Conversations,Conversational Disengagement,Behavior,0.92,neutral,Correct,action-pattern term present
CONCERN_HEL_2305,Response to Corrective Feedback,Feedback Resistance,Behavior,0.92,neutral,Correct,action-pattern term present
CONCERN_EMO_820,"Holistic Integration Between Leadership, Wellbeing, and Organizational Impact",Leadership-Wellbeing Fragmentation,Behavior,0.92,positive,Correct,action-pattern term present
CONCERN_EXA_1765,Reading Habits,Reading Avoidance,Behavior,0.92,neutral,Correct,action-pattern term present
CONCERN_SOC_2378,Students Struggling to Express Academic Difficulties Openly,Academic Expression Avoidance,Behavior,0.92,negative,Correct,action-pattern term present
CONCERN_PER_1503,Fear of expressing authentic identity,Identity Suppression,Behavior,0.92,negative,Correct,action-pattern term present
CONCERN_EMO_1020,"Holistic Alignment Between Reinvention, Employability, and Emotional Stability",Reinvention Ecosystem Fragmentation,Behavior,0.92,neutral,Correct,action-pattern term present
CONCERN_CON_1200,"Holistic Integration Between Academics, Wellbeing, Leadership, and Future Readiness",Institutional Ecosystem Fragmentation,Behavior,0.92,positive,Correct,action-pattern term present
CONCERN_SOC_1783,Avoidance of Family Interaction,Family Withdrawal,Behavior,0.92,negative,Correct,action-pattern term present
CONCERN_VAL_1510,Excessive comparison reducing individuality,Individuality Erosion,Behavior,0.55,neutral,Correct,action-pattern term present
CONCERN_MOT_182,Handle Unsolved Questions Calmly,Difficult Question Reactivity,Behavior,0.92,neutral,Correct,action-pattern term present
CONCERN_THI_2040,Academic Curiosity Under Pressure,Curiosity Suppression,Behavior,0.92,neutral,Correct,action-pattern term present
CONCERN_HOL_1260,"Holistic Integration of Institutional Intelligence Across Academics, Wellbeing, Leadership, Motivation, and Future Readiness",Institutional Intelligence Fragmentation,Behavior,0.92,positive,Correct,action-pattern term present
CONCERN_TRA_2314,Persistent Disengagement After Academic Failure,Failure-Induced Withdrawal,Behavior,0.92,neutral,Correct,action-pattern term present
CONCERN_CON_1901,Child Losing Interest in Real-World Relationships,Real-World Relationship Withdrawal,Behavior,0.92,negative,Correct,action-pattern term present
CONCERN_HOL_1061,Sustaining Consistent Focus During High Cognitive Load,Attention Fragmentation,Behavior,0.92,positive,Correct,action-pattern term present
CONCERN_FUT_1424,criticism and feedback,Feedback Resistance,Behavior,0.92,neutral,Correct,action-pattern term present
CONCERN_TEA_1474,Fear of failure preventing leadership growth,Failure Avoidance,Behavior,0.92,negative,Correct,action-pattern term present
CONCERN_ACA_2445,Students Avoiding Exploration Due to Fear of Failure,Fear-Based Exploration Avoidance,Behavior,0.92,negative,Correct,action-pattern term present
CONCERN_WOR_1120,"Holistic Integration Between Career Progression, Wellbeing, and Identity",Professional Life Fragmentation,Behavior,0.92,neutral,Correct,action-pattern term present
CONCERN_EXA_1912,Child Avoiding Difficult Subjects Completely,Subject Avoidance,Behavior,0.92,negative,Correct,action-pattern term present
CONCERN_THI_2180,Handling Students Who Avoid Classroom Responsibility,Responsibility Avoidance,Behavior,0.92,negative,Correct,action-pattern term present
CONCERN_COM_410,Handle Professional Conflict Constructively,Professional Conflict Avoidance,Behavior,0.92,negative,Correct,action-pattern term present
CONCERN_LIF_660,"Holistic Integration of Leadership, Performance, and Wellbeing",Leadership-Wellbeing Fragmentation,Behavior,0.92,positive,Correct,action-pattern term present
CONCERN_ADJ_1894,Child Becoming Emotionally Avoidant,Emotional Avoidance,Behavior,0.92,neutral,Correct,action-pattern term present
CONCERN_LIF_1904,Child Refusing Offline Activities,Offline Avoidance,Behavior,0.92,neutral,Correct,action-pattern term present
CONCERN_LIF_1839,Outdoor Play,Outdoor Avoidance,Behavior,0.92,neutral,Correct,action-pattern term present
CONCERN_MOT_2397,Persistence During Difficult Problem Solving,Challenge Avoidance,Behavior,0.92,neutral,Correct,action-pattern term present
CONCERN_SOC_1846,Leadership Confidence,Leadership Hesitation,Behavior,0.92,positive,Correct,action-pattern term present
CONCERN_LIF_1000,"Holistic Alignment Between Career Reinvention, Identity, and Stability",Reinvention Stability Fragmentation,Behavior,0.92,neutral,Correct,action-pattern term present
CONCERN_EMP_1023,Family Resistance to Career Changes,Career Shift Family Resistance,Behavior,0.92,neutral,Correct,action-pattern term present
CONCERN_LEA_1493,Emotional impulsiveness affecting leadership image,Emotional Reactivity,Behavior,0.92,positive,Correct,action-pattern term present
CONCERN_EMO_880,Holistic Readiness for Enterprise Leadership and Strategic Growth,Enterprise Leadership Fragmentation,Behavior,0.92,positive,Correct,action-pattern term present
CONCERN_WOR_693,Motivation During Repetitive Tasks,Repetitive Work Disengagement,Behavior,0.92,positive,Correct,action-pattern term present
CONCERN_CON_1842,Emotional Dependence on Validation,Validation Addiction,Trait,0.55,negative,Correct,dispositional trait term present
CONCERN_COM_456,Emotional Resilience During Early Career Failures,Early Career Failure Sensitivity,Trait,0.92,positive,Correct,dispositional trait term present
CONCERN_ADJ_1920,Child Becoming Too Influenced by Viral Trends,Viral Trend Dependency,Trait,0.92,neutral,Correct,dispositional trait term present
CONCERN_ADJ_2320,Emotional Recovery After Peer Rejection,Peer Rejection Sensitivity,Trait,0.92,negative,Correct,dispositional trait term present
CONCERN_ACA_2444,Helping Students Build Independent Identity Thinking,Identity Dependency,Trait,0.92,positive,Correct,dispositional trait term present
CONCERN_ADJ_1784,Device Dependency During Meals,Mealtime Device Dependency,Trait,0.92,negative,Correct,dispositional trait term present
CONCERN_SEL_1624,Dependence on external validation for motivation,Validation Dependency,Trait,0.92,neutral,Correct,dispositional trait term present
CONCERN_LIF_1850,Excessive Attachment to Online Identity,Online Identity Dependency,Trait,0.92,neutral,Correct,dispositional trait term present
CONCERN_SOC_1957,Adaptability to New Learning Methods,Learning Rigidity,Trait,0.92,positive,Correct,dispositional trait term present
CONCERN_MOT_240,Emotional Recovery After Career-Related Rejections,Career Rejection Sensitivity,Trait,0.92,neutral,Correct,dispositional trait term present
CONCERN_THI_1769,Emotional Dependency on Friends,Emotional Dependency,Trait,0.92,negative,Correct,dispositional trait term present
CONCERN_ACA_641,Emotional Dependence on Workplace Validation,Workplace Validation Dependency,Trait,0.92,negative,Correct,dispositional trait term present
CONCERN_COM_609,Passive Workplace Conflict,Passive Conflict Sensitivity,Trait,0.92,negative,Correct,dispositional trait term present
CONCERN_LEA_1480,Excessive dependence on external validation,Validation Dependency,Trait,0.92,negative,Correct,dispositional trait term present
CONCERN_COL_879,Emotional Reactions to Strategic Failures,Strategic Failure Sensitivity,Trait,0.92,neutral,Correct,dispositional trait term present
CONCERN_SOC_1890,Child Feeling Constantly Judged,Judgment Sensitivity,Trait,0.92,neutral,Correct,dispositional trait term present
CONCERN_LEA_1847,Child Becoming Too Dependent on Parents,Dependency Conditioning,Trait,0.7,neutral,Correct,dispositional trait term present
CONCERN_STR_667,Workplace Feedback Emotionally,Feedback Sensitivity,Trait,0.92,neutral,Correct,dispositional trait term present
CONCERN_CAR_358,Emotional Independence During Skill Evaluation,Skill Evaluation Dependency,Trait,0.92,positive,Correct,dispositional trait term present
CONCERN_EMP_33,Rejection During Placements,Placement Rejection Sensitivity,Trait,0.92,negative,Correct,dispositional trait term present
CONCERN_MOT_746,Managing Workplace Pressure Independently,Workplace Pressure Dependency,Trait,0.92,negative,Correct,dispositional trait term present
CONCERN_SOC_2330,Building Academic Independence,Academic Dependency,Trait,0.92,positive,Correct,dispositional trait term present
CONCERN_ACA_242,Making Independent Career Decisions,Career Decision Dependency,Trait,0.92,positive,Correct,dispositional trait term present
CONCERN_ACA_1862,Excessive Dependence on Coaching Centers,Coaching Dependency,Trait,0.92,negative,Correct,dispositional trait term present
CONCERN_ACA_1887,Child Unable to Stay Without Internet,Internet Dependency,Trait,0.92,negative,Correct,dispositional trait term present
CONCERN_SOC_1471,Students unable to handle criticism constructively,Feedback Sensitivity,Trait,0.92,negative,Correct,dispositional trait term present
CONCERN_LEA_655,Recovering from Leadership Failures Publicly,Leadership Failure Sensitivity,Trait,0.92,positive,Correct,dispositional trait term present
CONCERN_SOC_1902,Child Becoming Emotionally Dependent on Online Communities,Online Community Dependency,Trait,0.92,neutral,Correct,dispositional trait term present
CONCERN_CAR_382,Handle Workplace Feedback Professionally,Workplace Feedback Sensitivity,Trait,0.92,neutral,Correct,dispositional trait term present
CONCERN_LEA_1958,Excessive Dependence on Tuition,Tuition Dependency,Trait,0.92,negative,Correct,dispositional trait term present
CONCERN_CAR_32,Ownership of Skill Development,Skill Development Dependency,Trait,0.92,positive,Correct,dispositional trait term present
CONCERN_ADJ_1817,Excessive Perfectionism,Perfectionism,Trait,0.92,neutral,Correct,dispositional trait term present
CONCERN_DIS_2011,Revising Without Guidance,Guided Revision Dependency,Trait,0.92,neutral,Correct,dispositional trait term present
CONCERN_ADJ_1758,Excessive Validation Seeking,Validation Dependency,Trait,0.92,neutral,Correct,dispositional trait term present
CONCERN_COG_1601,Dependence on external validation for learning confidence,Validation Dependency,Trait,0.92,neutral,Correct,dispositional trait term present
CONCERN_WOR_682,Handle Professional Criticism Constructively,Criticism Sensitivity,Trait,0.92,neutral,Correct,dispositional trait term present
CONCERN_CON_1777,Constant Need for Entertainment,Stimulation Dependency,Trait,0.92,neutral,Correct,dispositional trait term present
CONCERN_STR_1079,Emotional Recovery After Professional Failures,Professional Failure Sensitivity,Trait,0.92,neutral,Correct,dispositional trait term present
CONCERN_COM_2095,Cognitive Flexibility in Learning,Cognitive Rigidity,Trait,0.92,neutral,Correct,dispositional trait term present
CONCERN_SOC_2389,Students Struggling to Handle Criticism Constructively,Criticism Sensitivity,Trait,0.92,negative,Correct,dispositional trait term present
CONCERN_ENT_1404,career adaptability during market shifts,Career Rigidity,Trait,0.92,positive,Correct,dispositional trait term present
CONCERN_EXA_1924,Child Becoming Too Dependent on Online Learning Support,Online Learning Dependency,Trait,0.92,positive,Correct,dispositional trait term present
CONCERN_STR_1133,Emotional Reactions to Workplace Exclusion,Workplace Exclusion Sensitivity,Trait,0.92,neutral,Correct,dispositional trait term present
CONCERN_CAR_443,Workplace Politics Emotionally,Workplace Politics Sensitivity,Trait,0.92,neutral,Correct,dispositional trait term present
CONCERN_PER_1623,Emotional breakdown after negative feedback,Feedback Sensitivity,Trait,0.92,negative,Correct,dispositional trait term present
CONCERN_SOC_1119,Emotional Reactions to Organizational Politics,Political Stress Sensitivity,Trait,0.92,neutral,Correct,dispositional trait term present
CONCERN_LEA_1589,Overreliance on rote memorization,Surface Learning Dependency,Trait,0.92,neutral,Correct,dispositional trait term present
CONCERN_STR_588,Handle Constructive Criticism Professionally,Feedback Sensitivity,Trait,0.92,neutral,Correct,dispositional trait term present
CONCERN_CAR_637,Recovering from Workplace Embarrassment or Failure,Workplace Failure Sensitivity,Trait,0.92,neutral,Correct,dispositional trait term present
CONCERN_COM_1752,Emotional Dependence on Gadgets,Gadget Dependency,Trait,0.92,negative,Correct,dispositional trait term present
CONCERN_CON_1929,Child Becoming Addicted to External Motivation,External Motivation Dependency,Trait,0.92,positive,Correct,dispositional trait term present
CONCERN_LIF_2413,Students Becoming Dependent on Constant Supervision,Supervision Dependency,Trait,0.92,neutral,Correct,dispositional trait term present
CONCERN_EMO_628,Handle Workplace Recognition Imbalances,Recognition Inequity Sensitivity,Trait,0.92,neutral,Correct,dispositional trait term present
CONCERN_SOC_1806,Accept Criticism,Criticism Sensitivity,Trait,0.92,neutral,Correct,dispositional trait term present
CONCERN_LEA_1478,adapting leadership style across situations,Leadership Rigidity,Trait,0.92,positive,Correct,dispositional trait term present
CONCERN_STU_1441,Dependency on constant external motivation,Motivation Dependency,Trait,0.92,neutral,Correct,dispositional trait term present
CONCERN_FUT_1573,Overdependence on parental approval for decisions,Approval Dependency,Trait,0.92,negative,Correct,dispositional trait term present
CONCERN_CON_1805,Emotional Dependency on Relationships,Relationship Dependency,Trait,0.92,negative,Correct,dispositional trait term present
CONCERN_CON_701,Emotional Dependence on Manager Approval,Manager Validation Dependency,Trait,0.92,negative,Correct,dispositional trait term present
CONCERN_COM_945,Emotional Recovery After Strategic Misjudgments,Strategic Misjudgment Sensitivity,Trait,0.92,neutral,Correct,dispositional trait term present
CONCERN_PSY_1462,Overreaction to minor academic setbacks,Setback Sensitivity,Trait,0.92,neutral,Correct,dispositional trait term present
CONCERN_ACA_2424,Ownership of Long-Term Academic Direction,Academic Direction Dependency,Trait,0.92,positive,Correct,dispositional trait term present
CONCERN_EXA_1732,Screen Addiction,Digital Dependency,Trait,0.92,neutral,Correct,dispositional trait term present
CONCERN_SOC_1451,confidence in independent learning,Self-Learning Dependency,Trait,0.92,positive,Correct,dispositional trait term present
CONCERN_MOT_260,Navigating Career Uncertainty Independently,Career Uncertainty Dependency,Trait,0.92,neutral,Correct,dispositional trait term present
CONCERN_SEL_295,Prioritizing Practice Over Passive Consumption,Passive Learning Dependency,Trait,0.92,neutral,Correct,dispositional trait term present
CONCERN_EXA_75,Building Professional Confidence Without Validation,External Validation Dependency,Trait,0.92,positive,Correct,dispositional trait term present
CONCERN_LIF_1739,Social Media Dependency,Social Dependency,Trait,0.92,negative,Correct,dispositional trait term present
CONCERN_ACA_188,Emotional Separation Between Identity and Results,Result-Based Identity Dependency,Trait,0.92,neutral,Correct,dispositional trait term present
CONCERN_EXA_1803,Emotional Over-Sensitivity,Emotional Sensitivity,Trait,0.92,negative,Correct,dispositional trait term present
CONCERN_PER_1530,Dependence on external validation for confidence,Validation Dependency,Trait,0.92,neutral,Correct,dispositional trait term present
CONCERN_STR_611,Recovering from Workplace Criticism Emotionally,Workplace Criticism Sensitivity,Trait,0.92,neutral,Correct,dispositional trait term present
CONCERN_CAR_593,Emotional Reactions to Workplace Change,Organizational Change Sensitivity,Trait,0.92,neutral,Correct,dispositional trait term present
CONCERN_ACA_2447,Students Defining Self-Worth Entirely Through Marks,Marks-Based Self-Worth Dependency,Trait,0.92,neutral,Correct,dispositional trait term present
CONCERN_CON_2365,Students Overdependent on External Validation,Validation Dependency,Trait,0.92,neutral,Correct,dispositional trait term present
CONCERN_CAR_93,Building Emotional Stability in Professional Rejections,Professional Rejection Sensitivity,Trait,0.92,positive,Correct,dispositional trait term present
CONCERN_MOT_2393,Students Depending Entirely on External Motivation,External Motivation Dependency,Trait,0.92,positive,Correct,dispositional trait term present
CONCERN_ACA_2058,Learning Adaptation Under Pressure,Stress-Induced Rigidity,Trait,0.92,negative,Correct,dispositional trait term present
CONCERN_EXP_1513,decision-making confidence,Decision Dependency,Trait,0.92,positive,Correct,dispositional trait term present
CONCERN_CAR_52,Emotional Resilience After Internship Rejections,Internship Rejection Sensitivity,Trait,0.92,positive,Correct,dispositional trait term present
CONCERN_ACA_451,Building Professional Confidence Without Constant Validation,Validation Dependency at Work,Trait,0.7,positive,Correct,dispositional trait term present
CONCERN_DIS_1762,Tuition Dependency,External Dependency,Trait,0.92,negative,Correct,dispositional trait term present
CONCERN_ACA_1834,Child Following Influencer Culture Blindly,Influencer Dependency,Trait,0.92,neutral,Correct,dispositional trait term present
CONCERN_SOC_1809,Overprotective Parenting Impact,Dependency Reinforcement,Trait,0.7,neutral,Correct,dispositional trait term present
CONCERN_DIG_1674,Dependence on Shortcuts Instead of Understanding,Surface Learning,Trait,0.43,neutral,Correct,dispositional trait term present
CONCERN_LIF_1889,Child Becoming Too Influenced by Peer Opinions,Peer Influence Dependency,Trait,0.92,neutral,Correct,dispositional trait term present
CONCERN_MOT_1858,Excessive Dependency on Shortcuts,Shortcut Dependency,Trait,0.92,negative,Correct,dispositional trait term present
CONCERN_ACC_1546,Fear of stepping outside comfort zone,Comfort Zone Dependency,Trait,0.92,negative,Correct,dispositional trait term present
CONCERN_PER_1501,Overdependence on external validation,Validation Dependency,Trait,0.92,negative,Correct,dispositional trait term present
CONCERN_ACA_1357,Overdependence on tuition centers,Academic Dependency,Trait,0.92,negative,Correct,dispositional trait term present
CONCERN_STE_2201,Students Who Depend Excessively on Model Answers,Model Answer Dependency,Trait,0.92,neutral,Correct,dispositional trait term present
CONCERN_LIF_1851,Disconnect from Notifications,Notification Dependency,Trait,0.92,negative,Correct,dispositional trait term present
CONCERN_MOT_710,Handling Workplace Ambiguity Independently,Ambiguity Dependence,Trait,0.92,neutral,Correct,dispositional trait term present
CONCERN_THI_378,Emotional Recovery After Internship Rejections,Internship Rejection Sensitivity,Trait,0.92,neutral,Correct,dispositional trait term present
CONCERN_ACA_1925,Child Unable to Focus Without Background Stimulation,Stimulation Dependency,Trait,0.92,negative,Correct,dispositional trait term present
CONCERN_ACA_2178,Managing Students Who Memorize Without Understanding,Surface Learning Dependency,Trait,0.92,positive,Correct,dispositional trait term present
CONCERN_COM_567,Workplace Politics Emotionally,Workplace Politics Sensitivity,Trait,0.92,neutral,Correct,dispositional trait term present
CONCERN_COM_789,Emotional Fallout from Team Underperformance,Team Failure Emotional Sensitivity,Trait,0.92,neutral,Correct,dispositional trait term present
CONCERN_ACA_1974,Academic Ownership,Academic Dependency,Trait,0.92,positive,Correct,dispositional trait term present
CONCERN_MOT_1898,Child Becoming Overdependent on Motivation,Motivation Dependency,Trait,0.92,positive,Correct,dispositional trait term present
CONCERN_COM_995,Emotional Exhaustion During Career Reinvention Cycles,Reinvention Cycle Burnout,Outcome,0.92,negative,Correct,result/outcome term present
CONCERN_GOA_1628,sustain self-improvement routines,Consistency Breakdown,Outcome,0.92,positive,Correct,result/outcome term present
CONCERN_COM_1127,Emotional Fatigue from Continuous Learning Pressure,Continuous Learning Burnout,Outcome,0.92,negative,Correct,result/outcome term present
CONCERN_WOR_1089,Emotional Fatigue from Continuous Meetings,Meeting Fatigue,Outcome,0.92,negative,Correct,result/outcome term present
CONCERN_STR_891,Burnout Across Leadership Layers,Leadership Layer Burnout,Outcome,0.92,negative,Correct,result/outcome term present
CONCERN_IND_1458,resilience under competitive environments,Competitive Fatigue,Outcome,0.92,positive,Correct,result/outcome term present
CONCERN_MOT_1930,Child Losing Sense of Direction in Life,Existential Direction Loss,Outcome,0.92,negative,Correct,result/outcome term present
CONCERN_COM_1927,Child Showing Signs of Chronic Mental Fatigue,Chronic Mental Exhaustion,Outcome,0.92,negative,Correct,result/outcome term present
CONCERN_COM_2109,Academic Confidence After School Change,Transition Confidence Loss,Outcome,0.92,positive,Correct,result/outcome term present
CONCERN_LEA_773,Emotional Fatigue from Continuous Responsibility,Leadership Fatigue,Outcome,0.92,negative,Correct,result/outcome term present
CONCERN_STR_937,Emotional Fatigue from Continuous Strategic Planning,Strategic Planning Burnout,Outcome,0.92,negative,Correct,result/outcome term present
CONCERN_DIS_1077,Emotional Spillover from Work into Personal Life,Work Stress Spillover,Outcome,0.92,neutral,Questionable,no explicit result term
CONCERN_HOL_1101,Emotional Exhaustion from Continuous Performance Pressure,Performance Fatigue,Outcome,0.92,negative,Correct,result/outcome term present
CONCERN_EXA_1928,Child Feeling Worthless After Failure,Worthlessness After Failure,Outcome,0.92,neutral,Questionable,no explicit result term
CONCERN_EXA_1764,Study Burnout,Academic Burnout,Outcome,0.92,negative,Correct,result/outcome term present
CONCERN_ACA_2441,Students Showing Identity Crisis After Academic Failure,Failure-Induced Identity Collapse,Outcome,0.92,neutral,Correct,result/outcome term present
CONCERN_EXA_2362,Students Losing Confidence After Comparison,Comparison-Induced Confidence Loss,Outcome,0.92,negative,Correct,result/outcome term present
CONCERN_COM_613,Motivation During Organizational Instability,Organizational Instability Fatigue,Outcome,0.92,neutral,Correct,result/outcome term present
CONCERN_CAR_1115,Emotional Exhaustion from Workplace Uncertainty,Workplace Uncertainty Burnout,Outcome,0.92,negative,Correct,result/outcome term present
CONCERN_LEA_573,Sustaining Motivation in Repetitive Work Environments,Workplace Motivation Decline,Outcome,0.92,positive,Correct,result/outcome term present
CONCERN_SOC_2334,Emotional Communication Within Family,Emotional Communication Breakdown,Outcome,0.92,neutral,Correct,result/outcome term present
CONCERN_COL_1131,Emotional Overload During Peak Delivery Periods,Peak Delivery Burnout,Outcome,0.92,neutral,Correct,result/outcome term present
CONCERN_STR_913,Emotional Burnout from Multi-Stakeholder Expectations,Stakeholder Expectation Burnout,Outcome,0.92,negative,Correct,result/outcome term present
CONCERN_DIS_110,Emotional Recovery After Poor Mock Scores,Post-Test Emotional Collapse,Outcome,0.92,negative,Correct,result/outcome term present
CONCERN_THI_123,Sleep During Preparation Cycles,Sleep Discipline Breakdown,Outcome,0.92,neutral,Correct,result/outcome term present
CONCERN_HOL_881,Executive-Level Decision Fatigue,Executive Decision Fatigue,Outcome,0.92,negative,Correct,result/outcome term present
CONCERN_CAR_479,Motivation During Repeated Failures,Job Search Motivation Collapse,Outcome,0.92,positive,Correct,result/outcome term present
CONCERN_THI_1051,Emotional Stability During Trial-and-Error Career Exploration,Career Exploration Fatigue,Outcome,0.92,neutral,Correct,result/outcome term present
CONCERN_LEA_783,Emotional Exhaustion from Stakeholder Management,Stakeholder Pressure Burnout,Outcome,0.92,negative,Correct,result/outcome term present
CONCERN_MOT_132,Self-Belief Before Final Exams,Final Exam Confidence Collapse,Outcome,0.92,neutral,Correct,result/outcome term present
CONCERN_LEA_2111,Continuous Assessments,Assessment Fatigue,Outcome,0.92,neutral,Correct,result/outcome term present
CONCERN_COM_481,Building Confidence After Layoffs,Layoff-Induced Confidence Collapse,Outcome,0.92,positive,Correct,result/outcome term present
CONCERN_COL_2273,Helping Students Maintain Confidence After Peer Comparison,Comparison-Induced Confidence Loss,Outcome,0.92,positive,Correct,result/outcome term present
CONCERN_COM_705,Work Anxiety Outside Office Hours,Post-Work Anxiety Spillover,Outcome,0.92,negative,Questionable,no explicit result term
CONCERN_COM_1029,Motivation During Repeated Career Adjustments,Reinvention Fatigue,Outcome,0.92,positive,Correct,result/outcome term present
CONCERN_CON_265,Motivation During Long Learning Cycles,Long-Term Learning Burnout,Outcome,0.92,positive,Correct,result/outcome term present
CONCERN_EMO_589,Innovation in Routine Roles,Innovation Fatigue,Outcome,0.92,neutral,Correct,result/outcome term present
CONCERN_THI_1099,Emotional Exhaustion from Constant Availability,Constant Availability Burnout,Outcome,0.92,negative,Correct,result/outcome term present
CONCERN_STR_823,Emotional Fatigue from Constant Organizational Visibility,Visibility Pressure Fatigue,Outcome,0.92,negative,Correct,result/outcome term present
CONCERN_LEA_811,Emotional Exhaustion from Continuous Decision-Making,Decision Fatigue,Outcome,0.92,negative,Correct,result/outcome term present
CONCERN_DIS_1985,Study Motivation,Motivation Fatigue,Outcome,0.92,positive,Correct,result/outcome term present
CONCERN_CAR_1041,Emotional Recovery After Failed Career Transitions,Failed Transition Trauma,Outcome,0.92,neutral,Questionable,no explicit result term
CONCERN_LEA_1031,Emotional Spillover from Professional Instability,Transition Stress Spillover,Outcome,0.92,negative,Questionable,no explicit result term
CONCERN_ADA_319,Emotional Fatigue from Continuous Improvement Pressure,Improvement Pressure Burnout,Outcome,0.92,negative,Correct,result/outcome term present
CONCERN_COL_583,Emotional Exhaustion from Continuous Targets,Target-Driven Burnout,Outcome,0.92,negative,Correct,result/outcome term present
CONCERN_HOL_801,Leadership Fatigue During Organizational Scaling,Scaling Leadership Burnout,Outcome,0.92,negative,Correct,result/outcome term present
CONCERN_STR_977,Motivation During Slow Transition Progress,Career Transition Motivation Decline,Outcome,0.92,positive,Correct,result/outcome term present
CONCERN_EXA_185,Building Emotional Stability During Multiple Attempts,Multi-Attempt Emotional Fatigue,Outcome,0.92,positive,Correct,result/outcome term present
CONCERN_ACA_1019,Emotional Burnout During Multi-Year Transitions,Long-Term Transition Burnout,Outcome,0.92,negative,Correct,result/outcome term present
CONCERN_EXA_197,Rational Thinking During Panic States,Panic-State Cognitive Collapse,Outcome,0.92,negative,Correct,result/outcome term present
CONCERN_LEA_853,Emotional Fatigue from Continuous Strategic Pressure,Strategic Pressure Burnout,Outcome,0.92,negative,Correct,result/outcome term present
CONCERN_LEA_645,Emotional Spillover Between Work and Home,Work-Home Emotional Spillover,Outcome,0.92,neutral,Questionable,no explicit result term
CONCERN_THI_2017,Learning Fatigue,Cognitive Fatigue,Outcome,0.92,negative,Correct,result/outcome term present
CONCERN_WOR_745,Work Motivation During Routine Tasks,Routine Work Motivation Decline,Outcome,0.92,positive,Correct,result/outcome term present
CONCERN_DIS_1157,Emotional Burnout During Long-Term Career Pressure,Long-Term Career Burnout,Outcome,0.92,negative,Correct,result/outcome term present
CONCERN_EMO_605,Work-Life Boundaries,Boundary Management Failure,Outcome,0.92,neutral,Questionable,no explicit result term
CONCERN_LEA_647,Optimism During Workplace Uncertainty,Workplace Optimism Decline,Outcome,0.92,neutral,Correct,result/outcome term present
CONCERN_LIF_187,Staying Focused in Long Coaching Sessions,Coaching Attention Fatigue,Outcome,0.92,positive,Correct,result/outcome term present
CONCERN_EMP_615,Productivity During Emotional Stress,Stress-Induced Productivity Decline,Outcome,0.92,negative,Correct,result/outcome term present
CONCERN_SOC_559,Sustaining Emotional Stability Through Career Reinvention,Career Reinvention Emotional Fatigue,Outcome,0.92,neutral,Correct,result/outcome term present
CONCERN_EMO_638,Maintain Curiosity in Mature Career Stages,Mid-Career Curiosity Decline,Outcome,0.92,positive,Correct,result/outcome term present
CONCERN_THI_73,Focus During Long Placement Preparation Cycles,Placement Attention Fatigue,Outcome,0.92,positive,Correct,result/outcome term present
CONCERN_CON_508,Balance Job Search with Current Employment,Employed Job Search Fatigue,Outcome,0.92,positive,Correct,result/outcome term present
CONCERN_COM_1321,Student Confidence During Placement Cycles,Placement Confidence Decline,Outcome,0.92,positive,Correct,result/outcome term present
CONCERN_HOL_1161,Identifying School-Wide Learning Gaps Early,Hidden Learning Gap Detection Failure,Outcome,0.92,negative,Questionable,no explicit result term
CONCERN_LEA_1039,Emotional Optimism During Reinvention,Reinvention Optimism Decline,Outcome,0.92,neutral,Correct,result/outcome term present
CONCERN_HOL_981,Emotional Fatigue from Continuous Upskilling,Upskilling Burnout,Outcome,0.92,negative,Correct,result/outcome term present
CONCERN_CON_348,Sustain Curiosity During Repetitive Practice,Repetitive Practice Engagement Decline,Outcome,0.92,positive,Correct,result/outcome term present
CONCERN_FOU_2072,Academic Confidence After Comparison,Comparison-Based Confidence Loss,Outcome,0.92,positive,Correct,result/outcome term present
CONCERN_STE_2038,Academic Initiative After Failure,Post-Failure Passivity,Outcome,0.55,neutral,Questionable,no explicit result term
CONCERN_COL_425,Emotional Fatigue During Job Hunting,Job Search Burnout,Outcome,0.92,negative,Correct,result/outcome term present
CONCERN_LIF_136,Recall Under Pressure Despite Preparation,Stress-Based Recall Failure,Outcome,0.92,negative,Questionable,no explicit result term
CONCERN_LEA_1149,Emotional Exhaustion from Constant Problem-Solving,Problem-Solving Fatigue,Outcome,0.92,negative,Correct,result/outcome term present
CONCERN_COM_839,Long-Term Leadership Motivation,Leadership Motivation Decline,Outcome,0.92,positive,Correct,result/outcome term present
CONCERN_LEA_815,Sustaining Curiosity and Innovation Mid-Career,Mid-Career Innovation Fatigue,Outcome,0.92,positive,Correct,result/outcome term present
CONCERN_MOT_1870,Emotional Breakdown During Exams,Exam Emotional Collapse,Outcome,0.92,negative,Correct,result/outcome term present
CONCERN_CAR_551,Recovering from Toxic Workplace Experiences,Toxic Workplace Trauma,Outcome,0.92,neutral,Questionable,no explicit result term
CONCERN_EMO_1621,Failure to learn from past mistakes,Reflection Failure,Outcome,0.92,neutral,Questionable,no explicit result term
CONCERN_CAR_1005,Emotional Fatigue from Continuous Rejections,Reinvention Rejection Burnout,Outcome,0.92,negative,Correct,result/outcome term present
CONCERN_EMP_935,Emotional Spillover from Leadership Stress into Family Life,Leadership Stress Spillover,Outcome,0.92,negative,Questionable,no explicit result term
CONCERN_SOC_856,Sustain Strategic Learning Mid-Career,Strategic Learning Decline,Outcome,0.92,neutral,Correct,result/outcome term present
CONCERN_CAR_466,Confidence After Multiple Job Rejections,Rejection-Induced Confidence Collapse,Outcome,0.92,positive,Correct,result/outcome term present
CONCERN_ADJ_1815,Emotional Effects of Divorce,Divorce Trauma,Outcome,0.92,neutral,Questionable,no explicit result term
CONCERN_CON_741,Emotional Fatigue from Workplace Learning Expectations,Workplace Learning Burnout,Outcome,0.92,negative,Correct,result/outcome term present
CONCERN_STR_831,Emotional Exhaustion from Constant Escalations,Escalation Fatigue,Outcome,0.92,negative,Correct,result/outcome term present
CONCERN_COL_923,Emotional Exhaustion from Leadership Visibility,Leadership Visibility Fatigue,Outcome,0.92,negative,Correct,result/outcome term present
CONCERN_HOL_901,Sustaining Strategic Focus During Rapid Business Expansion,Expansion Strategy Fatigue,Outcome,0.92,positive,Correct,result/outcome term present
CONCERN_COM_547,Long-Term Career Optimism,Career Optimism Decline,Outcome,0.92,neutral,Correct,result/outcome term present
CONCERN_EXA_161,Confidence During Low Mock Rank Phases,Mock Rank Confidence Collapse,Outcome,0.92,positive,Correct,result/outcome term present
CONCERN_CAR_1406,Students graduating without clear career action plans,Career Transition Failure,Outcome,0.92,neutral,Questionable,no explicit result term
CONCERN_ACA_1911,Child Feeling Mentally Exhausted After School,Mental Fatigue,Outcome,0.92,neutral,Correct,result/outcome term present
CONCERN_LEA_619,Emotional Exhaustion from Workplace Ambiguity,Ambiguity Fatigue,Outcome,0.92,negative,Correct,result/outcome term present
CONCERN_EMO_1193,Identifying Institutional Learning Inequality Across Sections,Learning Inequality Detection Failure,Outcome,0.92,neutral,Questionable,no explicit result term
CONCERN_SOC_473,Emotional Exhaustion During Long Job Searches,Job Search Burnout,Outcome,0.92,negative,Correct,result/outcome term present
CONCERN_COM_685,Emotional Fatigue from Continuous Learning,Learning Fatigue,Outcome,0.92,negative,Correct,result/outcome term present
CONCERN_LEA_947,Long-Term Emotional Sustainability in Leadership Roles,Long-Term Leadership Burnout,Outcome,0.92,positive,Correct,result/outcome term present
CONCERN_ACA_289,Building Learning Confidence After Repeated Failures,Skill Failure Confidence Collapse,Outcome,0.92,positive,Correct,result/outcome term present
CONCERN_LIF_407,Motivation After Repeated Placement Delays,Placement Delay Motivation Collapse,Outcome,0.92,positive,Correct,result/outcome term present
CONCERN_CAR_617,Continuous Performance Comparisons,Workplace Comparison Burnout,Outcome,0.92,neutral,Correct,result/outcome term present
CONCERN_EXA_119,Staying Motivated After Repeated Attempts,Reattempt Motivation Collapse,Outcome,0.92,positive,Correct,result/outcome term present
CONCERN_OVE_2317,Child Suppressing Negative Emotions to Avoid Conflict,Emotional Suppression Risk,Risk,0.92,negative,Correct,risk/vulnerability term present
CONCERN_BEH_1457,Excessive dependency on parental supervision,Dependency Risk,Risk,0.92,negative,Correct,risk/vulnerability term present
CONCERN_HOL_621,Sustaining High Performance Without Burnout,High-Performance Burnout Risk,Risk,0.92,negative,Correct,risk/vulnerability term present
CONCERN_EMO_1412,peer influence management,Peer Pressure Risk,Risk,0.92,neutral,Correct,risk/vulnerability term present
CONCERN_ADJ_2371,Students Becoming Emotionally Withdrawn,Emotional Withdrawal Risk,Risk,0.92,negative,Correct,risk/vulnerability term present
CONCERN_FUT_1380,Students blindly following peer career trends,Herd Mentality Risk,Risk,0.92,neutral,Correct,risk/vulnerability term present
CONCERN_CON_1754,Burnout Symptoms,Burnout Risk,Risk,0.92,negative,Correct,risk/vulnerability term present
CONCERN_LIF_1772,Online Stranger Interactions,Online Safety Risk,Risk,0.92,neutral,Correct,risk/vulnerability term present
CONCERN_CHA_1427,recover from social rejection,Social Sensitivity Risk,Risk,0.92,negative,Correct,risk/vulnerability term present
CONCERN_MOT_1874,Emotional Boundaries Online,Boundary Vulnerability,Risk,0.92,neutral,Correct,risk/vulnerability term present
CONCERN_SOC_2379,Emotional Resilience During Peer Competition,Competitive Emotional Fragility,Risk,0.92,positive,Correct,risk/vulnerability term present
CONCERN_PER_1549,resilience after setbacks,Recovery Fragility,Risk,0.92,positive,Correct,risk/vulnerability term present
CONCERN_INN_1375,decision-making regarding subject streams,Stream Selection Risk,Risk,0.92,neutral,Correct,risk/vulnerability term present
CONCERN_STR_135,Emotional Exhaustion During Revision Months,Revision Burnout Risk,Risk,0.92,negative,Correct,risk/vulnerability term present
CONCERN_EMO_1433,digital behaviour and online discipline,Digital Behaviour Risk,Risk,0.92,positive,Correct,risk/vulnerability term present
CONCERN_LEA_1477,emotional resilience under pressure,Stress Vulnerability,Risk,0.92,neutral,Correct,risk/vulnerability term present
CONCERN_IDE_1542,identifying personal blind spots,Blind Spot Risk,Risk,0.92,negative,Correct,risk/vulnerability term present
CONCERN_COG_1355,Frequent absenteeism linked to academics,Attendance Risk,Risk,0.92,neutral,Correct,risk/vulnerability term present
CONCERN_PER_1600,awareness of cognitive fatigue,Cognitive Exhaustion Risk,Risk,0.92,negative,Correct,risk/vulnerability term present
CONCERN_SEL_1618,identifying improvement areas,Blind Spot Risk,Risk,0.92,positive,Correct,risk/vulnerability term present
CONCERN_EXA_1893,Child Feeling Emotionally Unsafe at School,Emotional Safety Risk,Risk,0.92,neutral,Correct,risk/vulnerability term present
CONCERN_COG_1554,emotional resilience in social situations,Social Fragility,Risk,0.92,positive,Correct,risk/vulnerability term present
CONCERN_CAR_1397,resilience after career setbacks,Setback Recovery Risk,Risk,0.92,positive,Correct,risk/vulnerability term present
CONCERN_PER_1426,ethical judgment and integrity awareness,Integrity Risk,Risk,0.92,positive,Correct,risk/vulnerability term present
CONCERN_SUB_1352,Student burnout from excessive academic load,Burnout Risk,Risk,0.92,negative,Correct,risk/vulnerability term present
CONCERN_LIF_1875,Child Sharing Personal Data Online,Online Privacy Risk,Risk,0.92,neutral,Correct,risk/vulnerability term present
CONCERN_CAR_1390,Students preparing for oversaturated career paths,Market Saturation Risk,Risk,0.92,neutral,Correct,risk/vulnerability term present
CONCERN_EXA_2168,Student Burnout During Competitive Preparation,Competitive Burnout Risk,Risk,0.92,negative,Correct,risk/vulnerability term present
CONCERN_DIS_2044,Cognitive Endurance During Long Study Sessions,Cognitive Fatigue Vulnerability,Risk,0.92,neutral,Correct,risk/vulnerability term present
CONCERN_THI_304,Emotional Stability During Intensive Upskilling Periods,Upskilling Burnout Risk,Risk,0.92,neutral,Correct,risk/vulnerability term present
CONCERN_GRO_1410,Excessive dependence on parents for decisions,Dependency Risk,Risk,0.92,negative,Correct,risk/vulnerability term present
CONCERN_CAR_1378,Choosing streams based on parental pressure,External Influence Risk,Risk,0.92,negative,Correct,risk/vulnerability term present
CONCERN_HOL_1177,Identifying Students at Risk of Academic Decline,Academic Risk Detection Delay,Risk,0.7,negative,Correct,risk/vulnerability term present
CONCERN_SEL_1548,balancing ambition and wellbeing,Growth Sustainability Risk,Risk,0.92,neutral,Correct,risk/vulnerability term present
CONCERN_LEA_1430,stress management under pressure,Stress Vulnerability,Risk,0.92,negative,Correct,risk/vulnerability term present
CONCERN_SOC_1771,Cyberbullying Exposure,Cyberbullying Risk,Risk,0.92,neutral,Correct,risk/vulnerability term present
CONCERN_DIS_115,Burnout During Long Preparation Phases,Competitive Burnout Risk,Risk,0.92,negative,Correct,risk/vulnerability term present
CONCERN_CAR_1405,Excessive dependency on marks for self-worth,Identity Fragility,Risk,0.92,negative,Correct,risk/vulnerability term present
CONCERN_SEL_1416,distractions,Distraction Vulnerability,Risk,0.92,neutral,Correct,risk/vulnerability term present
CONCERN_CON_1490,adaptability during failures or setbacks,Recovery Fragility,Risk,0.92,positive,Correct,risk/vulnerability term present
CONCERN_TRA_2315,Child Becoming Over-Compliant Under Pressure,Over-Compliance Risk,Risk,0.92,negative,Correct,risk/vulnerability term present
CONCERN_CAR_1362,Excessive parental pressure affecting learning,Pressure Risk,Risk,0.92,negative,Correct,risk/vulnerability term present
CONCERN_EXA_2356,Emotional Breakdown Affecting Academic Performance,Emotional Breakdown Risk,Risk,0.92,negative,Correct,risk/vulnerability term present
CONCERN_EMP_49,Emotional Burnout During Placements,Placement Burnout Risk,Risk,0.92,negative,Correct,risk/vulnerability term present
CONCERN_LIF_1830,Suicidal Thought Indicators,Self-Harm Risk,Risk,0.92,neutral,Correct,risk/vulnerability term present
CONCERN_LEA_1349,Exam anxiety impacting outcomes,Emotional-Academic Risk,Risk,0.92,negative,Correct,risk/vulnerability term present
CONCERN_SEL_1607,understanding of multitasking limitations,Cognitive Overload Risk,Risk,0.92,positive,Correct,risk/vulnerability term present
CONCERN_LIF_2410,Students Showing Burnout Symptoms During Competitive Preparation,Competitive Burnout Risk,Risk,0.92,negative,Correct,risk/vulnerability term present
CONCERN_STR_399,Emotional Burnout During Placement Season,Placement Burnout Risk,Risk,0.92,negative,Correct,risk/vulnerability term present